5.224587820407686,0
3.6616223804463033,0
2.940146776771736,0
0.5757475968320808,0
-0.6459570984057671,0
3.148804478363238,0
2.5382919465381155,0
3.4087284906408666,0
4.880155056086542,0
-0.26082229002373014,0
-2.6984232631593783,0
1.5151088523685496,0
0.48869113735253605,0
4.090749954134515,0
-2.508615006731243,0
2.5887562333301952,0
-1.9466595571218486,0
1.3618427820325123,0
2.4287319342235274,0
0.5233563691538864,0
0.09945550280267351,0
2.289061676074888,0
2.678933088140201,0
2.5309330815081426,0
-0.6816918419114848,0
-0.7093241645039465,0
-5.587602788664472,0
-3.357790998103308,0
1.0959970565578785,0
4.030228543825809,0
-2.9079626890317622,0
-1.4524594788479628,0
-0.7154292811938318,0
1.444768285621081,0
-3.2941875815592443,0
-1.4340519628847865,0
1.114861310964804,0
-2.9529887486811854,0
2.1942703546584417,0
1.6641555742838647,0
-1.0451943928440375,0
-0.6246515770971559,0
2.7396601108127925,0
2.474077805546855,0
-2.1444871645235226,0
-3.530559162950842,0
-2.6463427230202132,0
0.28325833903973674,0
0.86055311527554,0
-0.6115292567476267,0
-1.1936656402683523,0
1.263011646911542,0
-0.30756938544854406,0
1.8186287810297916,0
-3.2374239638781663,0
-5.1011352946576975,0
2.2712400352816866,0
3.8745494793316535,0
-4.63781265561585,0
3.607567261267569,0
2.644211965190549,0
-2.182701481644799,0
-0.7117603003014631,0
0.21040128750971973,0
-3.2473753118446647,0
2.4387930941739207,0
-2.142815819458362,0
0.28068307670530607,0
4.499708781062555,0
-2.936696386031611,0
-5.46642573369241,0
3.69248370644224,0
-4.10753867467797,0
-2.5697333422082504,0
-7.178693389538886,0
-1.3897526243925196,0
-0.41856242650155495,0
2.030923133341986,0
2.795231216226764,0
-3.805367559884484,0
4.021626955505194,0
2.194866885257109,0
-2.6272950977716256,0
0.035434201499068146,0
-1.5661626806697433,0
0.052007746181779016,0
1.0631337258258553,0
0.4329475121957649,0
-2.5559282903669844,0
-1.1347192434074476,0
1.1121743320870507,0
4.909767781590018,0
3.614182321588469,0
-2.8270049055625313,0
-2.3794041603464864,0
-3.128532850606086,0
8.98781353912943,0
5.165312643237122,0
2.1286475163007976,0
0.17193839046681775,0
0.3126717020146368,0
5.465522185451071,0
-2.62830870599094,0
2.7203729465143733,0
1.1890623774535019,0
-0.7986144035463556,0
1.727940392638403,0
3.3891050062290384,0
-0.6162147262614281,0
2.2941240551328708,0
4.386848602422376,0
5.846089626533932,0
3.1976435201220084,0
-0.7911140586274159,0
-2.499430796520609,0
3.5443303044843106,0
-0.48352856481734086,0
-0.814276491032824,0
1.6728714465009098,0
-1.3554009354075427,0
1.2127276193071799,0
-0.29509101850988534,0
-5.239850150861302,0
0.3438533973388139,0
0.6542998885629865,0
-3.64907137102146,0
0.42280393001270844,0
4.224430342430413,0
4.275002544213948,0
0.38925173915609,0
0.5363703783796694,0
4.718926553100726,0
-0.7805120227478748,0
3.2053966392326965,0
-2.021025005461532,0
-4.958230318775307,0
-2.2592249162382485,0
-3.2986720599251917,0
-0.22532292410541876,0
-1.3770602032977954,0
-2.6686039729822655,0
-0.29521506318101803,0
1.562467707712941,0
-3.137730823646244,0
1.0205192422956404,0
-0.4256312666994504,0
0.35551640918880334,0
7.339125895616073,0
-0.6086430689034061,0
-1.0373371067388881,0
-0.8902160047804715,0
0.9459489978205213,0
2.684007501111954,0
0.562814226561789,0
2.13031033074336,0
0.90210600435114,0
2.1865439472475696,0
-0.8027163284438092,0
-1.8531459009477438,0
2.941457959204476,0
2.8850432600845597,0
1.608094443559584,0
-0.8617457940523103,0
-1.5474218621788283,0
2.5088041399076113,0
1.7685237042617143,0
2.2964214834020957,0
-3.2783473589246546,0
3.083382267839094,0
1.6615273448915957,0
-0.09683708095427991,0
0.9044156192297756,0
4.797699785515269,0
-0.34572928384114504,0
-4.316881997166322,0
1.6340199373983428,0
-3.3294875012626166,0
0.8254382844305286,0
-0.9133471609191546,0
1.0517683125004385,0
0.46735152008826164,0
-0.2439520985686627,0
0.7702789608631175,0
0.7540553944400848,0
-0.24311971086294265,0
-2.493346012916418,0
-2.0230790542723844,0
1.0862062499544238,0
-0.11744211143019155,0
0.7391897942438151,0
2.360644068186626,0
2.4544131380132668,0
0.7356573756986542,0
1.6101187336404768,0
4.762401517710497,0
-1.268796366431891,0
0.029404369086071046,0
1.6304184743954875,0
-1.5897552091677287,0
-1.1837534426868204,0
-1.762624125634378,0
-2.752134929288899,0
-0.10330148575666037,0
-5.895014098159932,0
0.8863502312082716,0
4.0674660464789865,0
-1.7966469701109502,0
-2.509520825661151,0
0.1587117540921646,0
-0.16519886818166718,0
3.7445496687636766,0
0.8102863516210506,0
-5.19340849583702,0
-0.4374454136379625,0
-1.9610686202616454,0
-4.200884389433545,0
1.0757663273601137,0
0.9089930580481531,0
0.5815595723640051,0
4.743298295916186,0
-9.202099071125785,0
-4.5317238920972,0
1.3541568936721429,0
2.1310041107734548,0
1.0025850186920495,0
4.656898560018031,0
-6.53118588630015,0
4.405471717753068,0
-0.1484403211537071,0
-1.7834493433069296,0
1.1900761222552865,0
-3.343013070828441,0
-4.787095407370908,0
0.1165454869019873,0
2.007611501483011,0
1.786484014580394,0
-2.2094580146897584,0
1.3589835563815287,0
7.309355065305018,0
-4.756095558405126,0
1.7447624239792188,0
7.047022092676956,0
-1.2313254972559244,0
0.1988450107267365,0
1.028375368864047,0
0.9165758097831744,0
4.13514607643968,0
1.593788312986896,0
1.1648955539977615,0
1.4132005137855062,0
1.829975621550773,0
1.7246913971943023,0
-0.6921792182230475,0
-3.920109183012028,0
-3.557846998514588,0
-3.8858135126338156,0
-1.5744782361482175,0
-0.747456375804862,0
-2.8329460152656405,0
3.976975448438627,0
-3.714211709789952,0
1.153513401260796,0
2.5709681044796158,0
-3.724233848836949,0
-0.16714252553691974,0
-0.7975958535023628,0
2.8727621068459426,0
-0.570657408370624,0
-0.0917357480033791,0
-1.983048366043411,0
-1.6788975702705913,0
3.3045927912395934,0
-0.5424592853462002,0
-1.9251865538721107,0
-2.418887752386006,0
-2.576435374923471,0
-2.4962985465414285,0
2.765445009122219,0
2.887280623050341,0
1.7062832236516068,0
-3.9226249761611633,0
-4.675280617659033,0
-1.6438424690827813,0
-1.1009846984705778,0
4.5204655522700055,0
2.189228136359935,0
1.079142068019029,0
6.671573405128596,0
-2.1323792922979723,0
-1.1713550728342887,0
-2.588035509113496,0
-2.539104059440388,0
0.578606424607248,0
4.098820726463242,0
1.1948759629354093,0
1.4129799410853092,0
-0.9140813888090948,0
-0.6898554906688815,0
0.7121903030677248,0
0.2781095310637068,0
1.4537533539125107,0
-1.2789943590306896,0
-3.7842671071681195,0
4.246399676046045,0
0.860901968405283,0
0.5361328749247822,0
-0.08250106282207736,0
-0.5344156387296346,0
-0.3382359003170806,0
-2.480557503169064,0
2.0717885200599033,0
0.8781186131038461,0
3.427154365331518,0
-0.6535121503823836,0
-2.4910395837062547,0
-0.5192066161433904,0
1.4563765627250018,0
-0.5225040135099848,0
-3.8809049084001863,0
1.2946286981779755,0
3.196304520112074,0
0.1522332535928264,0
-0.07843847856710748,0
-4.304066924127943,0
4.048716618350809,0
3.377011587641482,0
-3.8388577418290497,0
0.10299115432583386,0
-3.8658726834168124,0
-0.8787134362736815,0
2.4320135485769354,0
-2.9097787335762044,0
2.267270231245894,0
2.6896832400386756,0
-4.283026537863696,0
2.2802759714257155,0
1.8629428083625088,0
-3.377223770959769,0
2.9551777520931184,0
-3.712250049393708,0
2.134748506019582,0
2.686696925320402,0
-2.735180477838931,0
3.1763483568206157,0
1.4721560706786037,0
-4.424996775683775,0
5.46578544916047,0
3.8908855353560483,0
-5.790083396039525,0
2.581777639960368,0
0.7828722648890821,0
-1.7037543925968226,0
3.1981073126936974,0
-3.5643028955563905,0
-1.845034630560252,0
-0.09272951362421407,0
2.775860417445253,0
-0.5918373008142578,0
-1.458073844190667,0
-3.046517216482498,0
1.3958813435446413,0
4.109843320970651,0
-0.44879580103789674,0
-4.8371642076687955,0
0.5668315517727056,0
-1.0622778455818784,0
-1.262974881114355,0
-1.4401735396976791,0
-1.6669025545735154,0
0.3716063386664408,0
5.056108562921548,0
1.4030971810208128,0
-3.6712963896730937,0
-3.0357727569791955,0
-2.442553128455418,0
0.004397621447686487,0
-1.5507235266651183,0
0.16000272856922904,0
3.289930660194128,0
-3.025339070468502,0
0.13568426970573963,0
8.607776847358203,0
-4.220801969088271,0
-4.3036104300438955,0
0.666082004682318,0
0.8203256096773781,0
5.3028835875192355,0
0.6210351982881188,0
-0.7728819809205549,0
-0.03161537056945798,0
-2.746243850386475,0
-3.672907071092844,0
2.2693487938383035,0
1.2825723333727848,0
-2.632974657379529,0
-1.2333733048494442,0
1.1007279092842206,0
-9.921920368351298,0
-0.772647487451996,0
1.3727733604707406,0
-3.963201627493526,0
-0.2806912867949817,0
0.31111058294117766,0
-0.07038142265942551,0
0.1083566189776953,0
-2.5884432545028133,0
-2.8841511466187333,0
8.085871233332751,0
0.6775385748784053,0
1.3071004950567147,0
2.7273901331716486,0
-2.2062541785969483,0
-2.0929812225459354,0
1.3232713105942757,0
-1.3719230865351957,0
4.059529397958334,0
-0.4328038518335686,0
6.237651991884997,0
3.4045871475150977,0
3.4008714056802996,0
-4.433322158562861,0
2.488787382393123,0
-3.094955418970603,0
1.5455587844902265,0
2.151750876997342,0
3.1449988482433153,0
-1.1421640767852053,0
4.545206461132983,0
-1.0444600962541406,0
-1.436362927704645,0
-1.4918530859753183,0
-0.4853975589270273,0
3.3053246586712572,0
4.585431121281622,0
-2.524193387991626,0
-5.53324476705636,0
-0.7838695979863102,0
-2.093949625867734,0
-2.5997119758875713,0
1.304071838880253,0
6.676610551785467,0
1.3208338562861974,0
5.299721729043794,0
-3.8860600260083293,0
0.23851057955574384,0
8.995692539508088,0
-6.096784149429695,0
5.272246394692539,0
-0.5391138848110176,0
0.05620249425673972,0
8.86892676528657,0
5.375082920544334,0
-1.860936062394975,0
2.4915744095871553,0
0.4694940853992589,0
0.6301070546326976,0
-2.1444069288027157,0
-1.352683213625948,0
0.36874306127042483,0
1.7244013047934823,0
-3.0856567545576796,0
-0.06219613601143368,0
0.7001934466980608,0
-1.401925296975913,0
2.653437445346582,0
-1.6839170297061443,0
1.5568401335439412,0
-2.277398413675963,0
2.3237762258767596,0
0.36932062913117414,0
-3.131879019233848,0
-6.49715799834015,0
-2.878229065772135,0
0.30867006469200864,0
3.535573923182782,0
4.777669571035908,0
0.2822280409288908,0
-5.851750348619049,0
5.255967795260563,0
-2.050412347579135,0
3.7273119331636204,0
-1.105480432904826,0
0.18212341943940355,0
-2.293897715687378,0
3.3131051175930875,0
-1.6872437382732262,0
3.500456541663143,0
1.843808108169811,0
5.3623483731261485,0
1.0957111014731984,0
0.0024039569002397053,0
-4.194635468950375,0
-2.52730612165496,0
5.1097232932753895,0
-1.098896564254174,0
-3.346781928718359,0
4.896550714812193,0
-2.359651312769727,0
2.026579019812962,0
6.944567096247663,0
-0.5641624394675884,0
0.7952002462037016,0
1.210047224366317,0
3.439307524284943,0
5.10917950813107,0
-4.0263775122196614,0
-1.7252875434736499,0
-3.9179065723685893,0
0.6801632404273896,0
-2.0671125927357052,0
9.016509256370227,0
-2.298438017858303,0
-2.7528274586815007,0
3.8459968869003767,0
-2.3576895624257963,0
0.3458270363961627,0
-1.7021771346118828,0
-1.2194826437281319,0
0.16358357217407876,0
0.8872014358855576,0
-4.575143685758139,0
4.836832750632028,0
3.182684613585785,0
1.7667319225934313,0
1.8375011489775157,0
-2.617028526460783,0
0.6146013537599568,0
-3.3172981205438434,0
-2.508604871515169,0
1.2638702102588626,0
0.5444900533265261,0
6.335957968101665,0
2.205096489775431,0
3.8166458565310384,0
-0.8690229850167566,0
-0.5626868485323181,0
2.9576895047579823,0
-3.4375653495113196,0
-1.5963814055514374,0
2.0235934423822233,0
-3.0729650930488166,0
2.5929422334461245,0
-4.018571427949704,0
-5.235646018765037,0
4.557338328198911,0
-2.2924845094117616,0
-0.9545279295773148,0
1.082643360795253,0
-2.079008656843638,0
-3.8295663205674293,0
1.9625026348071535,0
4.078177364394171,0
-4.608851138931067,0
-2.918090862322535,0
-4.083980452192932,0
-0.2888276912736686,0
0.6967046512529804,0
0.9831423291469248,0
-0.6223557250740477,0
1.6726141512067128,0
-3.472646443498597,0
-1.03244028367294,0
0.9577105492050908,0
-4.365219549522372,0
-2.7434052845893087,0
-2.43069502360101,0
3.76885209230399,0
-0.23160296796184648,0
-1.3647212134463966,0
-6.8351454785308245,0
3.895041369376189,0
2.411681419719386,0
-6.535543009305334,0
2.5746229860926313,0
1.3620314614619087,0
0.3454620059504405,0
-1.0756175134585004,0
7.010527024231385,0
0.6076865146376733,0
6.377970746340711,0
-0.434411872737797,0
0.5936169237894209,0
-1.145131269686455,0
0.7596183870126398,0
2.571730062064109,0
1.2812534696822284,0
-0.8565901508740752,0
1.4654075591085634,0
3.1075277598301305,0
-4.561205872944257,0
-0.7140126689221941,0
-2.128530679748774,0
-3.192810531261691,0
-1.4872507988025874,0
0.808812643752695,0
-0.14118907881098494,0
-3.5466690491517454,0
-1.418562039061205,0
-0.502047187550349,0
2.9318795011480203,0
0.29386635709509784,0
-4.447887571118628,0
-0.9982698320237946,0
-2.477746331241721,0
0.7068681153049126,0
-2.687831953416785,0
-2.078052208159616,0
0.054880013572393416,0
2.0245527814360704,0
-0.0937727488375531,0
1.7164505944450221,0
-3.355335849926177,0
1.4757277140815297,0
-0.2754444744369773,0
-1.1224149588585906,0
-3.5757483086298683,0
2.979966522456417,0
-3.329415937299447,0
-1.1694570063737477,0
-1.5331996430936958,0
3.913209334470416,0
-1.8169627330743658,0
8.767860093276301,0
-5.467572775715447,0
-0.6521313052581174,0
-0.31148807716804955,0
6.391619114033702,0
3.803676946668226,0
-4.217572237357497,0
-1.880639882704973,0
-1.3271201629736291,0
1.8189210407655931,0
-2.172203722692595,0
0.4222667022471057,0
3.899795430279376,0
-2.0596391861254753,0
-2.4890513477587457,0
0.4232584407677753,0
3.5926388987403794,0
0.6119736077002534,0
-0.837145686021217,0
2.1351369387029555,0
2.6088942977375966,0
-4.797853895409153,0
0.5613622083875629,0
-5.304169019543201,0
-1.3886746414577134,0
4.130760913404942,0
-3.1177287632754087,0
0.03719997976496271,0
2.375154197119235,0
-1.5476530855192945,0
1.0197459155951998,0
7.345712104212417,0
0.45378648225293194,0
-1.5850617179919686,0
0.5178829614972094,0
-0.36399205905093984,0
-0.9383005280343226,0
2.2089037915020997,0
0.3379687995462353,0
1.7131109908024489,0
2.2450825898397637,0
-2.4422841403004614,0
-2.628944523691609,0
-3.773280380545797,0
0.6217289035958696,0
4.426658189578412,0
6.089206092464193,0
0.6434921699401118,0
4.84038447184359,0
-0.5328242796878007,0
5.696935742031224,0
2.7432901670667533,0
-2.173601783868297,0
-1.1528255901724105,0
2.6072074163205197,0
-1.6971497279597962,0
-3.921207347251371,0
3.519466110456263,0
-6.069807769932812,0
-1.087303639072554,0
-2.837836616839393,0
-0.6368537425095172,0
-0.3300585873343884,0
5.2583044381952435,0
-5.648621784150601,0
-1.5742182623526653,0
2.34760779691005,0
0.010392441914326091,0
-2.241971032848496,0
-1.7736987571944727,0
-1.964727198408207,0
-6.132747527707514,0
0.8884575141725977,0
-1.9657959872206172,0
-3.1469644807535864,0
0.9277694227571054,0
2.9994567294162224,0
1.9880814974692935,0
-2.6787527958790456,0
0.7719503841254637,0
-1.5479085586694759,0
2.6747423066056557,0
0.3234183709261981,0
0.04513325259013478,0
1.0967227797176267,0
-2.9249690490318137,0
0.16894198220702622,0
-7.398550435673697,0
-4.348595899557147,0
-2.249695509503534,0
0.688178365473642,0
0.8950512429573749,0
-5.932531239019399,0
6.8780394408079735,0
0.1825256439503316,0
-3.0516993243615977,0
3.730543102656161,0
4.914963693858043,0
4.313965260265206,0
-0.8216894246078178,0
-1.9791697509166157,0
1.9844414854636594,0
0.609381434436707,0
0.10820730447263804,0
-2.0027082731139068,0
2.6467816702849087,0
-6.314402615849282,0
-3.816472799724269,0
-0.5128548328582896,0
-0.811484156851777,0
-0.16883844320526256,0
0.8192608352640354,0
6.676324033240375,0
-0.42539947784967613,0
7.911584936835441,0
-5.384671651076654,0
-0.34892786086371114,0
-4.341474690990026,0
2.6285543714920627,0
0.455836495960399,0
-0.6610914424826708,0
0.9188630402359678,0
1.532220924380015,0
-0.23872589678177164,0
0.46306475965181193,0
-1.4581361359168525,0
0.6733964070356944,0
1.7049704709894966,0
2.2505928324506668,0
6.419158143070674,0
-1.4331591058357618,0
-1.8614429005870026,0
2.4485419926301297,0
-3.6439035624466305,0
-1.818423162855174,0
4.8263343965886385,0
-3.4185703059583314,0
-2.531111866580839,0
-6.1893151803599915,0
1.8446173242042951,0
-0.021263655404875407,0
2.3114889434731287,0
3.9202926339391038,0
2.0062501826690355,0
2.4601525037069383,0
-2.378863958286584,0
-1.6451795836536882,0
0.2006859845435399,0
1.3599064008521582,0
-0.39144953355244183,0
-1.0064602477730342,0
-9.919319670718927,0
-1.2720162506794823,0
-3.9181305126069903,0
1.7653728144408514,0
1.4371208669835593,0
-1.3923442696960113,0
0.35873425057217134,0
0.7010571084288411,0
1.121959111913662,0
3.2394695355103877,0
4.582045494391457,0
-2.176159165544818,0
5.530047873438753,0
0.11979092351859066,0
-0.2542711111263284,0
-2.006993536739509,0
0.8062818280506135,0
2.099975106995649,0
-2.193208675940057,0
-0.5348837566476181,0
2.804395951425501,0
-0.14735801777893168,0
3.6108524177731653,0
-0.798045669525637,0
0.28038059610777183,0
-0.08690580792082812,0
-1.1781242253113668,0
0.9188102657348391,0
-1.4107868739736584,0
-1.11729247776203,0
1.8710984777140527,0
3.291901210672741,0
3.194173660202554,0
1.8709814229108952,0
0.5120849184030376,0
2.1252535162710666,0
2.628649706628022,0
-5.387672753552359,0
3.970595941648782,0
-0.6463333367429873,0
-0.2965680317308116,0
-2.6043869917940397,0
-0.5634063441980337,0
2.848282874002888,0
-3.2817288639164772,0
0.22358648260171565,0
-5.912525620493404,0
1.3416075331433586,0
2.865888027417674,0
-3.142886983969885,0
-5.5374920023307705,0
-0.46304646014623363,0
-3.2111090012993655,0
-0.3914359765302924,0
1.2405719701184306,0
-1.1937283841120305,0
3.114944846838159,0
-2.304731842127878,0
0.49760052839147284,0
-2.542897880511479,0
-6.678865959374486,0
-1.4009315607450787,0
5.013886088773774,0
-2.9201216170048045,0
-1.031717978407821,0
2.221944841664982,0
-2.0544363048537972,0
-4.46700513680285,0
1.7400281443808,0
5.7182929564722915,0
4.229967255669652,0
5.940360539847446,0
3.8133178309408455,0
-4.46691030996152,0
2.357812111075291,0
7.066339871762208,0
-4.602669628444483,0
0.27082549274230744,0
5.136943090722589,0
2.926724533360871,0
1.2313281312776165,0
-2.3559327464546005,0
7.344093515160626,0
3.4059519207236253,0
0.8256239626710913,0
-4.431894948973027,0
-4.153715031915185,0
1.8318770047232034,0
-2.4169128413599954,0
-1.074463324653306,0
-5.517674413134833,0
0.16321757192113806,0
-1.8701952417364183,0
-1.2248788191886477,0
-2.544619623123461,0
2.377321552736288,0
1.5145139947602768,0
0.25729791391200774,0
-2.831098821029885,0
-4.715011107720398,0
-0.5864465107305507,0
-2.93919365822791,0
-4.442374559164703,0
4.499541253650192,0
5.762001383931941,0
0.518899283994688,0
2.026543003386736,0
-2.284376798298192,0
1.9766130749666722,0
-3.620989730238464,0
-0.6430138318300774,0
-0.6191511741525576,0
-0.5572902723902631,0
-6.5450932054761495,0
1.9524715148137939,0
-4.265497465454999,0
4.594762283397643,0
1.3965202965415124,0
-3.641158957963583,0
-3.08126283463727,0
-3.6510286796920877,0
-2.3663082152333033,0
4.330972292556822,0
0.2127420032527657,0
4.558245988969098,0
2.613492986790492,0
-5.284736400793909,0
-2.0711396751004223,0
0.267249516094779,0
-3.036447173996004,0
-5.271295026339763,0
-3.880074611908218,0
4.59293921213442,0
0.776702619116896,0
2.4796594423477423,0
3.8040723439850916,0
-0.3357455221469755,0
-1.6668765877691767,0
0.2537476025350711,0
1.1211160018684387,0
4.530253770211168,0
-3.833039284095287,0
-2.638454929589736,0
7.133509956777907,0
-2.7168032131608264,0
-0.4424262243743564,0
0.9831799909922885,0
-0.11826825328796486,0
1.894684320748158,0
1.1142896494493328,0
6.356347568290336,0
-2.3305067484922466,0
-0.31324725492510586,0
-0.7675551468981949,0
-3.1400786313152262,0
6.720935704849345,0
1.1173637701388333,0
-2.45383043825266,0
-1.7323270268836213,0
1.3564851276461063,0
2.12929903733255,0
3.2486480738642487,0
0.5142534807476004,0
0.23576474736413566,0
-3.4445184300378617,0
-2.5932061692886936,0
3.6413987984973466,0
-2.5029727921625073,0
2.5774090937878045,0
-4.367985373967708,0
-1.0410764827648742,0
-0.705933549543592,0
-0.1886371062918465,0
-1.4427147207218232,0
-3.3968021602979195,0
-3.0834663290499584,0
-0.5799128751277562,0
-0.27077828433145273,0
3.2319441102433744,0
-4.782871161843977,0
0.5221278329604739,0
-6.179019916587683,0
5.054487540234247,0
-0.2453732130806196,0
-1.9268625319518513,0
1.4720293480229945,0
-1.6630630734011622,0
-1.8000771221819005,0
-4.579473026633548,0
-1.252027892031256,0
-4.406280573759923,0
0.8362651789025006,0
0.9751893710653949,0
4.590393373242078,0
-3.0750676482273347,0
2.2869227996791617,0
-2.9395163753298386,0
-6.115850947647018,0
3.791165544362573,0
1.2352836396473232,0
-3.1401421626689263,0
2.862644444319887,0
-2.2471283087617335,0
-1.6149036286586824,0
2.532421337425413,0
1.2197937283771465,0
4.666843652469913,0
0.06708750574717155,0
4.316466599270945,0
-4.02052648370801,0
-6.093944854071724,0
1.1169183518730113,0
0.2621368274456949,0
5.619938018290598,0
-0.8264151356285965,0
-0.9459705206407292,0
8.262074539011286,0
0.7436280168386216,0
-0.11292581274043421,0
-4.145331391272279,0
-2.8793542237954095,0
-3.0469847504615055,0
1.7814330206077376,0
1.594309112177248,0
1.2524321639461649,0
2.4582134474738626,0
5.144798152441093,0
0.40255946273077275,0
-2.7143181321140526,0
-1.0413546142876262,0
-2.7444978513296534,0
3.937416130171635,0
-3.84947360144573,0
2.4187962470078848,0
-3.1900964116748955,0
0.4499022703676538,0
-8.556058122661412,0
-2.927048229330052,0
-2.0923790503918225,0
-2.1008485064682096,0
-1.6904028161369247,0
-1.8366800499191585,0
0.45910326088181946,0
-1.0754321337013495,0
1.203790657036519,0
1.0867816066491958,0
0.7542892769727934,0
-0.2905899616464739,0
0.8986596564687496,0
1.617380549279343,0
-2.890246297497219,0
2.987623464589572,0
1.0318513447664865,0
-3.3679515331977186,0
2.180222252057168,0
-1.0601966796736317,0
0.06606982962748556,0
6.107447765670291,0
1.778262095728043,0
-2.7737393796160466,0
-7.275287506094605,0
1.330258591581296,0
3.168688775990625,0
-0.15710740299404663,0
3.90273375436449,0
1.297131250202771,0
4.5629141613178215,0
0.8741075282065182,0
0.009806105058739427,0
-0.7859915188025883,0
-0.9159800398236082,0
5.699442215427147,0
-2.3926021555705446,0
-0.3539186481965979,0
1.0995377514266211,0
-2.3194492503286517,0
-0.09726612727200964,0
8.479549336167077,0
-0.40522906447567963,0
-2.0473390390249593,0
3.08174725681021,0
-3.570461904533587,0
-0.3460984530669185,0
-0.01419075128278316,0
0.8207164073278548,0
0.09919092219368286,0
-1.2321596758252569,0
-0.6910609531438044,0
0.7967164691524455,0
-2.0669111080958604,0
-7.008500139518505,0
-4.966686536225618,0
-0.4436877547208713,0
4.359919029220168,0
0.170214947219513,0
2.0893121049011043,0
1.763227253074882,0
4.4745576762712105,0
-2.2676489482101907,0
4.457334415756582,0
0.18128528861414045,0
3.2112907171961944,0
-4.420389115897018,0
1.868243501174184,0
-4.457003485671232,0
4.852807189585811,0
-0.6677418301341265,0
-5.375419589457251,0
2.376429802976147,0
-0.519821976304851,0
4.557111482769387,0
-1.7017215755954214,0
-0.9090068761780159,0
-1.766261459254593,0
7.662888731108547,0
-3.4550248051924948,0
-1.7978146664658046,0
-4.097782092988491,0
-2.620306037185844,0
-3.893472044489373,0
1.184089570675016,0
-3.7704897073142747,0
3.8248214331620964,0
-4.126796212575397,0
5.055182052759785,0
4.103106336123361,0
-2.9916296755527663,0
1.2644621123172413,0
6.234060783071257,0
-0.17250182701771874,0
0.23307649593384927,0
1.7539785984047542,0
-3.651675257023001,0
-5.707022075812064,0
4.7863604810653815,0
-2.6275016723750486,0
-2.7732216839226314,0
-0.3429674554963714,0
0.3842628037087722,0
-1.609824567724498,0
-0.9341030377467762,0
-0.5611514115310854,0
-2.100670302325182,0
-0.13503459959252895,0
-0.143503977671481,0
1.874025570575299,0
-3.8306187460732994,0
-1.7579907619246726,0
0.6777582078324017,0
-1.5610498470907896,0
2.206945052960232,0
0.011975964659432478,0
3.5369132422166474,0
-0.30231378140911863,0
-0.9480506853535684,0
0.3926569813864831,0
3.0377493622700342,0
-3.7829661176628364,0
0.27475420686264806,0
3.618011538614934,0
-0.28389831901997853,0
-0.07704678673066806,0
3.1064688961246745,0
-0.5216821586237842,0
1.957485969796023,0
-0.8273033326541066,0
3.91123775471159,0
2.0864114052126324,0
-1.7220888017760658,0
7.472514428553846,0
5.227378877992715,0
-3.953390258456502,0
-1.4083997987281753,0
4.237679915332171,0
0.5995776313379283,0
1.7716075293783078,0
-1.3984196259470616,0
1.9025239710964033,0
-0.4995973688826303,0
0.03863208741145549,0
1.3521839146328547,0
-3.1378097536233582,0
-0.6584508117061534,0
2.632067747429354,0
-1.684785697073413,0
1.4576252662749938,0
-2.2011475016587405,0
-4.223871870912394,0
-2.2872464572042697,0
-3.327002815009319,0
2.623726327733261,0
-0.22796321348535598,0
-3.9014279627870145,0
-4.68663442807127,0
7.343689411363419,0
-4.864442160164435,0
-1.8463145413725912,0
-0.5592952403184331,0
-5.240482449667428,0
-1.2116257384725708,0
3.273028059088681,0
1.5838862206209807,0
-1.2492472264243344,0
3.790197302845031,0
3.661515693227532,0
-0.7820952424104884,0
9.704253828576507,0
-3.1139406096052666,0
-0.6769227676583696,0
-0.14326483249534766,0
-0.8876000920273954,0
0.4280145162520598,0
2.74546057225113,0
4.997876567791455,0
0.6201207324591875,0
-5.315230409607108,0
-0.701750281688557,0
2.6111030689176955,0
5.192990635319955,0
-1.7984338743934263,0
2.9048049277055386,0
-4.071262447703318,0
-3.2650278767526304,0
3.4883932990742776,0
3.089412907834519,0
1.7692734852595247,0
1.9624678277093577,0
1.1182674028089616,0
4.140163808109483,0
-2.5404929414438815,0
-0.5361854951326882,0
-0.11794398181657836,0
0.8373307934714944,0
2.4952457558727206,0
3.4370825982311306,0
-4.212571180403676,0
1.4396405833769825,0
-0.030866704366701053,0
0.011914157340026987,0
1.6305992488945713,0
-1.8067461991061935,0
3.7306090022256306,0
-1.1950474898656407,0
-1.8340807796712744,0
1.3544795475981621,0
0.7494601356401014,0
-1.6912360178250272,0
-3.0878099886751347,0
-2.0212733877572218,0
1.0967743670159216,0
-1.2732574338423128,0
4.147638329292695,0
0.06780447818469,0
-4.69044128552797,0
-0.8439362752765132,0
-3.1827673213849033,0
-1.209416460512696,0
2.1285787892228205,0
-0.4811532725513812,0
-1.921546981637702,0
6.423508275280266,0
0.1945591800343478,0
0.7033979053358307,0
-3.005474209289484,0
-0.6381071828940995,0
3.3893728585135365,0
-3.4611140349549823,0
1.1098354302672764,0
2.9983735047085545,0
0.9209480593275179,0
-3.6743092789938663,0
-1.3537731122580823,0
2.562269855335527,0
2.150763812784391,0
-7.341042864555847,0
-0.13918927166272382,0
-1.6646752819092403,0
3.0098521276715298,0
-3.4291288422060227,0
-2.2220873352392396,0
-0.8323600442860268,0
-1.6353753505406492,0
-2.691023938181987,0
-5.5269793424437195,0
3.7622461051420197,0
7.353808898632034,0
2.2021573660941485,0
1.0330923082596457,0
-4.201724733951961,0
0.026858012923213034,0
0.17292165013378533,0
-0.8037235432379156,0
2.670839933612976,0
0.12240414590064576,0
-3.3854249531914773,0
-2.195500759591898,0
0.165521487188933,0
0.6938879668321101,0
-1.9122430289650367,0
2.398343687480801,0
3.197220255886667,0
5.053652431612123,0
-2.8320288705856216,0
-1.633326702978116,0
-0.989628373821287,0
-3.500141216893165,0
-1.4854208812642027,0
-0.7718992112530634,0
-3.738796332364887,0
-1.9137302399095697,0
-1.8562720198906506,0
2.849595923125938,0
0.9535513175119237,0
1.578811849819735,0
0.674634770529124,0
0.8559473551262295,0
1.746348224886244,0
-3.6044463391571844,0
2.4481564265619475,0
1.9091558836402118,0
0.4542325015094191,0
2.065052438189606,0
-5.880870665872102,0
1.4521563866395675,0
2.0409843035379867,0
1.9994374107358122,0
1.3519641130804785,0
-1.4554983858345414,0
1.6153089766254398,0
0.6217566798790246,0
2.167164443156865,0
-3.363930130326785,0
-5.273394206542308,0
4.0294049789410895,0
1.7357357955500365,0
2.593092241088424,0
-2.5269815843335164,0
-0.29396272752808394,0
-4.391000790283165,0
0.6440262211916805,0
-2.5965696649005503,0
3.3372949466381385,0
-1.547122908472146,0
0.6723507490519581,0
5.924235034881566,0
3.56619825572346,0
2.0398040325379805,0
-1.0533764172704803,0
-0.689695990323463,0
-3.3968056965784785,0
-1.4148382203658736,0
8.246356764743602,0
-2.171215138331606,0
-4.016619805395033,0
-6.040405514055305,0
3.174778666458761,0
0.9230170329233724,0
-2.3551985212677033,0
-0.203522330035186,0
1.3971917389604387,0
1.0996840336140818,0
2.4174622239285277,0
2.115891958057172,0
8.578468921631991,0
-0.6673507163300771,0
0.06567342357099716,0
-5.439180225322485,0
-1.4982853873713333,0
-1.4065441906011542,0
6.541621725450373,0
-2.096658257588307,0
-1.7291986327032038,0
-0.026889498866498593,0
0.7944821812868748,0
6.847298158883454,0
-1.5973137744445465,0
1.9137360655536433,0
-0.29784350738917215,0
0.9491791690317997,0
3.112358227602278,0
-2.9972116652910947,0
-1.6068100194887966,0
2.7695864485740254,0
1.9045865407751283,0
-0.5808772812973273,0
0.8861398831704679,0
-0.756304850539597,0
2.446538560783573,0
-4.112836910331055,0
5.418278642809201,0
1.2882032050356604,0
-2.6392592609489522,0
4.162241247577162,0
2.700254976319615,0
4.730408362715186,0
3.953569630555144,0
2.3465130029954935,0
-0.20545382992211753,0
2.3729986924481468,0
-0.48830645964605446,0
-3.203010851357638,0
3.42100943287128,0
1.801798263381513,0
0.5993078049289051,0
-1.4070024134555994,0
4.649194278644861,0
0.9592861321422783,0
0.5948883002893884,0
-0.9018954115993811,0
6.944726215223242,0
-4.448499587545467,0
0.06691378586605004,0
0.6072175040539399,0
-6.338333971086378,0
1.120506014448024,0
1.1116683562458167,0
2.9766718206508695,0
0.1875332045527516,0
3.9834919806096334,0
-1.8316377164137827,0
-0.6326989073690779,0
-1.5089946349217767,0
-1.9007743145367029,0
3.0277920647415524,0
-1.2841362684452404,0
2.114706292063901,0
2.151835608635193,0
1.1036343249201408,0
2.0733799524258982,0
-1.3122464954375206,0
-4.150166475864509,0
2.372917794499559,0
-0.80912866116637,0
-5.247006509152702,0
2.2712957632337853,0
-6.20955302915163,0
2.7056799663855386,0
-0.2881476254388512,0
-4.567521849912428,0
0.26161930688383317,0
-2.083855944942452,0
-2.0895307821450704,0
4.849451301717141,0
1.3429983156974536,0
-4.091173607916547,0
-3.5809724264872447,0
-3.289212206218584,0
-2.3690049295915347,0
-0.07860094111745242,0
-3.8736312469654575,0
4.052731999869189,0
-0.27124714285848145,0
-1.8514871517589515,0
1.453150057616349,0
-3.758262614795747,0
-0.40270823821061363,0
2.4638321760327315,0
4.608246582613086,0
-0.10643229302476398,0
2.314296065472706,0
-6.645604334758641,0
4.226031992486233,0
-3.5085379036713795,0
-0.9506514891807898,0
0.055970222509664325,0
1.979791351241966,0
-1.0213227652888417,0
-1.697906477190918,0
-0.8737743945596148,0
6.1043674435418565,0
0.03325129145389183,0
2.9155723778684255,0
-6.908180971169012,0
-3.656286464534504,0
-0.0715389996892043,0
-0.5129455027176765,0
-1.22380853326072,0
3.5898630173115604,0
6.35110231075794,0
-0.21680461678137256,0
-3.564846539066609,0
2.0854560979760155,0
-5.149832689896348,0
0.44790341881321327,0
1.9957570307134653,0
-1.1542062754435605,0
1.2119841459672935,0
4.794095548363767,0
0.35637000089906884,0
-7.656103099737361,0
-6.261056575657783,0
0.2020962675444593,0
-2.663436714532369,0
-2.1621191880346977,0
-1.458417394673396,0
-1.5499920261032494,0
1.9634424564317818,0
3.5920958190781813,0
2.8036957382067755,0
-4.272776834804461,0
-2.047374555985586,0
0.1135113269424679,0
0.4576600666254979,0
-3.1434208991222405,0
-1.9152223370176857,0
0.5156819156999243,0
2.176817617321777,0
0.2247698808053701,0
-1.8428770007531141,0
0.7377727562716081,0
0.8940767858948917,0
-1.3912831535142471,0
-2.0132812279461847,0
0.3486938949801465,0
-2.2799976198328844,0
4.0671848489134526,0
-1.1077907886648415,0
1.9727060225788895,0
1.840266907725274,0
-5.198341918297176,0
-6.132468201940965,0
2.383528337673863,0
2.985235889120443,0
5.172349112674461,0
0.9365868421130339,0
-0.9330204708946044,0
2.26502492419795,0
2.153684119305419,0
1.9204214206268548,0
0.3792405374043986,0
2.771119825810244,0
-2.0175738145244515,0
1.828874944303045,0
1.6172128211113144,0
-0.7328120931852834,0
3.1739091144844442,0
-3.573943813020864,0
1.4935011991263463,0
0.4810982419137332,0
2.903627058998145,0
-1.1672428033262974,0
-2.9009786206307955,0
-3.648423208334039,0
-0.3477116782462766,0
5.419108273659473,0
2.2688758328165024,0
1.6988686958867512,0
6.041768800720254,0
-5.3969017341443575,0
3.293970435353245,0
1.8927626394886299,0
-1.1412959248768608,0
2.5182057249794587,0
0.6019263222139751,0
0.9444061696181685,0
-0.3305633677652914,0
0.7137583013330114,0
1.234001815409056,0
-2.333379736662012,0
0.3010094719784523,0
3.1336049131707355,0
0.3835484091158705,0
-2.515746894528366,0
-9.699579217290575,0
1.5054285823055182,0
-0.42977298945688125,0
3.86033350067878,0
-2.342509238618318,0
1.2305111437462424,0
3.1389754015760096,0
2.1408100194318367,0
2.127237413197912,0
2.4225708708710716,0
1.2359733495819067,0
-1.765993480348177,0
4.0513693141645675,0
-1.9682073776907567,0
-1.9552170633370098,0
2.562160287792371,0
-0.5583673896712764,0
-0.6142360821545294,0
3.7767213287585104,0
0.7666894912099294,0
6.834917202041239,0
-2.4649568652039804,0
-1.8128928312580368,0
-1.9891506814655768,0
-1.3651470714419247,0
0.4995510634487086,0
-1.5258961748432158,0
-6.267509036164716,0
1.3399289283766995,0
-3.7067544951385187,0
2.371660853680182,0
2.259202185897976,0
1.0596663416431893,0
-1.6185851876781046,0
3.019619556371516,0
-2.5847146135671917,0
-6.016752889125232,0
-2.7957395219111802,0
0.10887588634989893,0
4.922520424005496,0
-8.009352526905401,0
1.1047236568147518,0
-6.214635676892135,0
2.5035728712425653,0
5.798360089717133,0
-1.5003387675416089,0
-0.16606446222542146,0
1.013905049493136,0
-0.8518628996204046,0
2.2985247339151362,0
-1.7268414709678221,0
2.8477190979564027,0
-2.2681010223136737,0
-1.2712822532621884,0
-3.143455675033051,0
2.4801499017872546,0
6.90114783247067,0
-1.2615571148965519,0
-1.3244479666949704,0
1.6643348052722275,0
0.6663005303831898,0
-4.219273160343412,0
0.6572985983109139,0
7.112313156702301,0
4.186130338064048,0
2.1956971650819113,0
-0.8713042948993291,0
-0.4422305911041008,0
3.0932145687523676,0
3.3645358847665734,0
-0.8016855674486765,0
2.975452680296418,0
-2.7617127392226717,0
5.354117188350345,0
3.3964019042073015,0
-1.438095228605598,0
-3.388726513771925,0
-3.567652446775083,0
2.3979260036841676,0
0.5084988474109652,0
-3.5991604293006345,0
0.9175730020641515,0
1.323542773047179,0
-1.8640867228547964,0
-2.6859108801297396,0
-4.5610577550203315,0
-1.9072521717865483,0
1.0661117916339524,0
-0.6061559392853326,0
0.829575137757451,0
-1.440817250773094,0
0.9460286821008974,0
0.0036407337509015694,0
4.667149302105259,0
0.6106733697493452,0
1.0647792044540683,0
0.9480717890620161,0
-2.371470380890243,0
-4.962165342570167,0
-2.112509474078567,0
4.008040915117859,0
-2.2568707405281208,0
6.800679327451572,0
-1.6750959285832328,0
1.7268933030502496,0
-0.26571610441142424,0
-4.103503347777844,0
-0.11112683151184438,0
-0.3654300945978341,0
1.231293656095724,0
3.27984083937143,0
1.7215897901090509,0
-0.7797807191026098,0
1.9793393619789674,0
-2.650453678128029,0
2.730482098638184,0
1.5443891766970816,0
1.7803015796918054,0
-0.5850588800529155,0
0.8894308605481924,0
2.607947667328334,0
9.47809764674777,0
-3.1058489866510812,0
2.2577802569716354,0
2.3262769705888644,0
-2.0630269955306253,0
-4.935916706005349,0
0.3809219679533606,0
-4.282463231147796,0
-3.7834715377690324,0
-2.924587694854975,0
-0.9873755871857148,0
4.430882473600395,0
2.8566561227066587,0
-1.0263594584687747,0
0.2418863549619154,0
-2.532551652114429,0
0.32084526058287344,0
0.947840548990335,0
1.2004998346955562,0
2.0473768674792736,0
0.8828042912155649,0
0.5417597397133121,0
4.411748180272548,0
-0.6725638108674623,0
-0.544804809849126,0
3.622419231894047,0
0.9930720440679826,0
2.2768246014613327,0
-3.0873704367367263,0
6.149420021054205,0
-5.351658217013248,0
-3.106115829977292,0
6.263662793729665,0
-0.91963934669986,0
-3.3425561278936513,0
-1.036608465844473,0
2.214765099320979,0
3.9139302860381133,0
-3.0686739819984687,0
3.80360248287897,0
2.0212598046658865,0
-7.982569715507866,0
3.318158800355064,0
4.428244101001172,0
-0.09996739586033285,0
-5.535904994018688,0
-3.6787066763644907,0
-1.6913866175781886,0
0.17973770954169394,0
2.2353256406662063,0
-1.4080173966611398,0
0.9071934890801192,0
0.4913390228428671,0
1.5062050615538096,0
6.759209421453094,0
2.1645404296909527,0
-6.041798735877357,0
3.2831139307095754,0
10.022863802030752,0
-0.1586322409891178,0
1.1618396585148967,0
-2.8357225158751733,0
0.028127000012101427,0
1.5105599716627478,0
4.275396449180786,0
-1.408291522845319,0
5.778841032690571,0
-1.007961610904051,0
1.043502712510269,0
1.5687334243921827,0
-2.9132401674487585,0
0.5640343814075376,0
-0.303534940918769,0
1.9977148438851944,0
-8.47960831529035,0
-0.2235683641250641,0
-2.9497014961431174,0
-3.7005521332839395,0
6.831486057176782,0
1.0608307299568254,0
0.7870387743602508,0
-4.806351514013236,0
1.624624891392614,0
-3.8541710808431486,0
1.6757131011597708,0
-2.958260933988163,0
5.021545098083952,0
0.4236461978544196,0
2.6989913427080747,0
1.5201623195667515,0
0.722103302034681,0
5.159089677530227,0
-3.600474092935248,0
4.6206380791626245,0
-1.0149574781086619,0
1.1015793287618285,0
-0.6187086138003726,0
0.7986850701198185,0
0.8500860962295007,0
6.962408660717363,0
1.011888565595817,0
1.765320301200692,0
-1.0640185027183768,0
5.345225656882136,0
-2.435306872995266,0
-3.07720325404315,0
-2.7666431423330637,0
-6.166597876481294,0
-1.9899440706241203,0
1.4614113013636223,0
-0.0921313609606811,0
-1.4867721623376928,0
1.0314451967455063,0
-3.4603167152132297,0
4.07327222533536,0
-1.7413338893931503,0
1.1860206531802304,0
-1.4772304439298856,0
-2.408896956564007,0
3.478265845737223,0
-1.638645635873884,0
-3.178581868547337,0
3.791406960192671,0
4.342288791169983,0
0.15681650217899118,0
4.123615230672961,0
-6.74175671321866,0
3.556371340465314,0
3.075155513279406,0
3.041344078611645,0
3.887320512244073,0
-2.210230309422425,0
0.6818644797923462,0
-3.041290412790358,0
5.130056113934008,0
1.1512666024197902,0
-2.0897001119569625,0
-5.428673382051952,0
-1.2830032696939764,0
0.9997006707299751,0
2.8645882201144826,0
4.265011384841623,0
-5.448487045591271,0
2.2875665230700566,0
-1.9154192618377368,0
3.4165930372250664,0
0.8581999877779596,0
-1.4843283478600786,0
8.454999133194441,0
-4.26350180343851,0
-2.1516026387750644,0
2.392230542169274,0
2.069311864712011,0
-1.582193055568603,0
1.2755523594736786,0
1.3763192022040722,0
2.4391432168184606,0
2.4149831663800696,0
4.628431719234235,0
-2.192836495086537,0
1.8843519209038726,0
-3.402956009350002,0
-2.899536080704321,0
1.2528018887796277,0
-3.3450428223204804,0
2.079348711121284,0
1.3959145287909456,0
5.9053042729728356,0
-2.7636479022575795,0
-2.2303257452621934,0
-1.823295644072886,0
-1.8252529922586485,0
-0.9302608692746916,0
1.4825472777097373,0
-3.9736239759857463,0
3.6013480910798954,0
2.3780159480366496,0
4.057928086372064,0
-7.020744376212582,0
-1.74467103800849,0
-3.197954625785378,0
0.8249764889901137,0
-2.1154105725781798,0
4.2988215794368685,0
1.2763286177448343,0
3.852209807877195,0
-4.123913646590624,0
-5.297995296446081,0
1.8953942370561747,0
1.3818076670599881,0
-2.7848388929764147,0
-0.16364035808183985,0
-1.094076998094867,0
1.7004605953841474,0
2.7168752250771497,0
-2.6389999309841805,0
4.105549717611138,0
0.9225486926227049,0
0.4354323415322938,0
1.6261798700032397,0
-5.040257673074864,0
3.343833123700968,0
0.33478644117503814,0
-6.385971360334267,0
0.03049005732279956,0
-1.4838302159330623,0
-2.9807990329049785,0
3.64741261984587,0
-5.495335195533673,0
-2.031055593683805,0
1.7391818099596765,0
3.859778276765663,0
0.518560590744427,0
-2.1508360770505424,0
4.929004897678452,0
3.8377151343988896,0
1.662577593337855,0
3.991835928326343,0
2.3803386972050373,0
3.7148017214712716,0
-1.0624694693385062,0
3.03981032112069,0
0.13620846699746836,0
4.731686221107408,0
-0.22684923139449675,0
4.467184529901435,0
-1.589566232689407,0
0.917531260617072,0
-1.4847737958663403,0
-1.2254207053686574,0
-1.5426574867599037,0
1.9506211362813248,0
-1.487081322943874,0
0.3238047267784768,0
-2.2814801650005085,0
-4.811104070339415,0
-2.7016236644641083,0
-1.0214933927849437,0
1.4884662382084912,0
4.05000382564662,0
-0.28637039721267254,0
-0.43283822651463316,0
2.613274222864174,0
-0.060291618312614995,0
-3.6909954392735034,0
-1.903255749919523,0
-1.4269442814296407,0
-0.8015170275609489,0
2.2769200403153436,0
0.9607194808541026,0
-1.024444126239445,0
-4.815342995626993,0
3.954392019147285,0
-1.5516019856711032,0
3.0416109988038458,0
-1.8442608541593608,0
-5.480528953446986,0
-0.372898454372804,0
-0.3084232359071287,0
4.274708333941542,0
-0.8904106886487801,0
-0.9510015248543302,0
-2.700810289148614,0
3.9476945154851544,0
2.249190327465678,0
-3.3864029705401726,0
1.4011445952675345,0
-2.1342164696732637,0
3.1630901190821654,0
-3.138116113077451,0
-3.3354606924524353,0
1.9249734725781573,0
-1.1313487619466949,0
0.31477280708303934,0
3.3821442074856134,0
2.2664960769824978,0
-1.0341487343259477,0
3.57551188128037,0
-2.037733389726476,0
2.3590478770871055,0
-5.077629443400419,0
-2.861922487018716,0
4.92650391713059,0
0.624681964682672,0
2.961233931724779,0
-0.03775830653002312,0
2.9521312058981692,0
-0.014291150367482658,0
-4.339689240595441,0
-7.439585061652847,0
0.02306752777868862,0
-0.2022027397280344,0
-0.2751926661319929,0
-3.4919654538550677,0
2.3644199428419443,0
-0.4392550697807486,0
-1.5634159719183336,0
0.5780175381731125,0
2.0308558575188753,0
-0.3896668592541403,0
1.92752385673891,0
-3.193401991064199,0
2.4345576951318053,0
2.06234688264726,0
-0.22353496432180575,0
-0.2926766630175831,0
-3.4480672343322167,0
0.6364584560721611,0
3.6485284208586783,0
0.3941678860259946,0
4.883571043950191,0
-0.3837661751074115,0
0.7620577338142756,0
-4.853850980783987,0
0.27212556896593476,0
-2.3178569910179387,0
-2.6639739293023337,0
-0.6457942134978757,0
-0.26482160075013406,0
1.0888475412744227,0
-3.377222369396824,0
-3.0090264693551134,0
-2.026120617519029,0
0.030820699457951534,0
-2.30537598749373,0
-0.8836890139517615,0
0.5842919769044905,0
0.3105639125046733,0
-1.6876600299197304,0
-2.8270433689226695,0
1.1837840874711065,0
-1.0706596104637638,0
3.4950692929545513,0
5.796425070444073,0
2.54425553810355,0
-3.6782029378927943,0
-0.22434697287939567,0
4.624212382463317,0
3.2978721389973886,0
1.0654820292713363,0
0.7940338850580764,0
0.6830137702695708,0
0.30044275408755744,0
-3.7161290722183105,0
0.49064485515205936,0
4.911569574050592,0
-1.3993946185461206,0
2.614706024847621,0
-2.2743721064769336,0
4.657431013880461,0
0.9795558390376448,0
0.5266537920917966,0
-0.6774982421779416,0
3.249285701489625,0
0.2708168089430976,0
-2.3128671240171426,0
0.8124464336731132,0
-3.049340288319,0
-1.4809173060019776,0
2.033728103715317,0
-2.9678622113693196,0
0.07091543612208068,0
-2.6229235104567588,0
1.2884634547298663,0
-0.4263752573516154,0
-0.009074686654755465,0
-2.75676529146509,0
-5.076520662752658,0
-2.2735397767040015,0
-1.5720445497467326,0
1.7241156083262492,0
-3.0577767383971817,0
9.091397134489851,0
-2.628888179666906,0
-1.8982355958432724,0
2.183382523207603,0
5.786740333552427,0
0.505804996618203,0
4.176012005915922,0
0.9570563332966644,0
-3.100458160989594,0
-2.448783271236927,0
1.4484349212894343,0
-1.5619948013456537,0
-0.07877785828935213,0
-1.5680690359926905,0
4.1244038780004,0
0.88932441872246,0
-1.1424293845302467,0
0.43842414706637434,0
0.188244515899686,0
3.3853028128736935,0
-0.2251071465072495,0
8.047213310361661,0
7.7635554910965165,0
1.0412499008822114,0
-1.0537489721660096,0
-4.126549717299717,0
0.04746502057481158,0
-2.6111642962109607,0
-0.9459117485611874,0
-1.7826197782051993,0
2.5604857803150027,0
3.7983689531211837,0
2.275123648745545,0
3.1969217199449487,0
1.303754609627595,0
-2.54882937094256,0
2.7626341780082844,0
-3.772715710614859,0
-1.7286427991671776,0
-0.3553088071679344,0
-2.1241002115433525,0
-1.2331729039302854,0
-3.2605630199569724,0
2.016336744726881,0
2.3174125588705112,0
-4.114498118030917,0
-3.359033399288542,0
4.564051384330701,0
0.7529182155511847,0
-1.8735294622718204,0
0.1337036972196449,0
-4.778997845631673,0
-3.331473162531788,0
-0.19040351804498426,0
-7.619823649152266,0
-1.3723989765486109,0
2.4627602321713318,0
-0.5496885671200294,0
-0.8371870254921208,0
0.24358629193541265,0
-7.200928620216929,0
1.9256965760184794,0
-0.1368640955613942,0
0.29237843290772525,0
-2.5374668647036707,0
4.339939920844911,0
3.8692888248014654,0
1.868268370148357,0
-3.5086274806425775,0
2.5945335372874174,0
-2.1485429371553995,0
-1.4411625101794077,0
-2.7808048163236463,0
-0.09060396943034105,0
4.232088563371405,0
-0.6425679108699912,0
5.6774955832421945,0
1.2455577987422486,0
-0.751818655907397,0
0.07586692952368976,0
2.174292180070271,0
1.633625690975569,0
-5.255969941687047,0
3.064685754962908,0
-0.680312805409572,0
0.15887275181448052,0
-0.8732341347553834,0
-0.7880669960472624,0
-2.510632222488143,0
1.5138856248912549,0
-2.0601812026820903,0
1.6683454339231079,0
2.1767337900042563,0
1.0108784668795596,0
0.3605989705967111,0
-4.9718866905806,0
3.0812841975951684,0
2.2516252336506097,0
5.447583119831585,0
7.295963586564348,0
-1.2001419686490125,0
-3.360565199981501,0
-3.0948309564344174,0
-3.725168554485273,0
0.9506216429104506,0
-0.7504048275025563,0
0.34559291051836594,0
0.3360976754646753,0
4.950072413618471,0
0.907270326764201,0
-1.9786836948515645,0
-1.4469912237338622,0
-0.6833396938686724,0
1.3511743127712605,0
0.11695802646048924,0
3.4165606499648513,0
0.06239825463951788,0
-6.194905269436854,0
5.296807693969836,0
4.3265326188775495,0
5.972444745272135,0
-4.258609698795166,0
1.0239433383763006,0
0.21171759666174317,0
-0.6292115618045996,0
-1.4443237022932294,0
-5.4251358954573625,0
-0.7034804673113405,0
-4.597110766749953,0
1.1835901588260596,0
-1.207512666189091,0
5.834383781386652,0
-2.1260818034908655,0
-3.3699408530297963,0
1.9313810831746256,0
-3.2302182258383247,0
-1.9268261434853744,0
-2.0467937821562994,0
-0.07119513665882546,0
2.3736432207356746,0
-1.0112990772813681,0
2.5814989287787373,0
-1.6030299155353012,0
-4.2982956890405815,0
1.691581510708425,0
1.5032375762850747,0
-2.1958032771203277,0
-7.916809158026486,0
0.678148797178985,0
-4.834034168021148,0
0.2886258648308247,0
-1.0377619592785505,0
-3.616994833496773,0
2.273725013514959,0
2.9547100778022486,0
1.3984555663998033,0
2.7825272485486665,0
6.567845048090802,0
0.5492851702567558,0
-2.3964365717808938,0
0.521446003790634,0
1.017164001963883,0
-1.4513610267465318,0
-4.530726140071628,0
-1.529898723644818,0
0.7885608336257123,0
-0.16408834171020936,0
2.2501901938404174,0
0.18837619305258207,0
-0.5496429697932412,0
5.439599401388639,0
1.3059912215652492,0
-0.802109134536507,0
-2.289973893021491,0
0.5369230558104175,0
1.8383978729465595,0
2.7465306506857017,0
-3.8265895366929756,0
0.5440599127827147,0
1.382949993380617,0
-1.6701125038416818,0
-0.34396761825245725,0
0.7408900868083478,0
2.8897462435777723,0
-1.305377907203932,0
-1.9665417187502237,0
2.997962030824528,0
1.8731627215321818,0
-1.1843527422823583,0
-1.4835856142693347,0
-3.3869935907817235,0
0.26201747374696494,0
-1.15505013618197,0
0.2325444243007803,0
2.469261140049059,0
-0.29031707042403837,0
2.530381373073883,0
1.286560989520625,0
4.531778730934578,0
4.190984433475387,0
0.5950388114909575,0
-3.3943721213249547,0
3.5426402632733467,0
-0.09486374200349287,0
1.3971044496955065,0
0.8405259160218406,0
-4.559710670875345,0
-1.14171549146773,0
3.453581682942259,0
-0.5196103922934011,0
2.447039824268583,0
0.7840883699798297,0
1.0215656301441878,0
-5.695994560945011,0
-3.1385065607657294,0
1.1283686732728773,0
1.8360812534334001,0
7.218519187308143,0
-1.804966275298469,0
-2.9619878151092047,0
-2.3702781171694736,0
-0.7829100315118536,0
0.599574309971732,0
-0.723047841204584,0
5.892486532155933,0
3.6042448442555806,0
-3.410875365676016,0
-1.6399839263311053,0
-3.6436202313490944,0
-0.8595622978534488,0
0.05176961774075157,0
2.874038906184167,0
2.5281603994892476,0
2.241090007060472,0
0.5862824474573085,0
1.9805762210348121,0
1.7789236196356022,0
7.05055496510659,0
0.23802400760005127,0
4.102000085611426,0
-0.5561255459400969,0
1.0053995417643193,0
3.7090675580164483,0
4.24091818373565,0
1.5371226256371027,0
0.8845005620163968,0
-1.4650036364294965,0
-1.047964383066589,0
3.397830977643809,0
6.098378269735425,0
-1.2427252917263858,0
-0.7334806216408746,0
-1.0810361792514034,0
-3.8070837494026,0
-2.5595072742410743,0
-4.307966198038588,0
-0.36892773002520407,0
-1.9118073878633148,0
-0.6926794278715694,0
-2.4251662348555025,0
2.1433270362714887,0
-0.1750838557466387,0
4.0009855314143525,0
-4.232744954475658,0
-1.4886056673342953,0
-2.067071632491943,0
-0.4277220127681274,0
-4.149685447438479,0
1.5112616324662222,0
-4.09081355488217,0
-2.3146936859319496,0
-0.6057520851681979,0
-2.8352220307960287,0
-0.22563408079478403,0
-0.5802206972707269,0
4.923699764973643,0
-3.450376403109656,0
-3.1683415782382527,0
-3.9062554992658987,0
-7.07139341129974,0
3.419359328200199,0
4.745352425271248,0
-1.3529537252063433,0
-0.7785575340943379,0
0.960620541861388,0
2.6721717348870864,0
1.0827614681274162,0
-0.037943085756186254,0
-1.9780901005940896,0
1.6611758004741946,0
-8.860438057227812,0
2.9688108027758338,0
-0.6545879172710228,0
0.9341742565801023,0
1.130403623164952,0
3.7994560952078946,0
-5.854049899253676,0
1.6877734481043642,0
1.341655860912402,0
0.0008662713738652522,0
2.208764137786714,0
-0.3115116921770544,0
5.147882190066826,0
-4.124580026267136,0
-0.9911495673109105,0
2.4048144640648257,0
-3.1530581158692517,0
-4.2146774797911455,0
6.097558352052889,0
-2.55294171318266,0
-2.6420777652549803,0
-1.3460719667901895,0
4.5055622432314655,0
1.1089845697181222,0
2.6064714464647594,0
-3.0305911818556144,0
6.656026221407341,0
-2.304195489703939,0
-2.4891036835980596,0
-0.34324527313382963,0
-2.0244244503751143,0
2.5972643837522584,0
2.6712247068637356,0
-6.365074594386806,0
-5.69262103082524,0
0.021451261893805508,0
0.28151756985724785,0
-1.3771558186434967,0
1.227614646309248,0
0.7462596933727765,0
-2.010015725122069,0
3.7495068344172653,0
2.105491504598349,0
-1.9350486016955994,0
-0.11894296591873793,0
-1.65597732871891,0
-0.04988330264963066,0
0.3145316840518863,0
-7.57863970214675,0
-7.5983172957816105,0
0.8568940954577791,0
2.9902712021817437,0
-2.819691151778352,0
-1.712200116730302,0
1.1155866388276563,0
1.4983128447300562,0
2.966896034409717,0
5.205495677459096,0
0.9126778103212394,0
2.7389947204084706,0
-3.510959673095533,0
3.158282746457643,0
-1.865951785929347,0
-0.3707097861163179,0
1.4975625843476046,0
2.7755686926599483,0
-1.150219590854614,0
3.33212380010937,0
2.1156686540819036,0
-2.8395238920338386,0
3.5144457084228,0
-0.17314358744333952,0
1.9491418019118445,0
0.37390901361459405,0
-0.9948545542110263,0
-8.226309191775675,0
0.8827438095023161,0
-4.020823731381336,0
4.811783613762622,0
-5.980809561530209,0
-1.547722847762199,0
1.1607547960698859,0
3.202646701519653,0
-0.7932722606614594,0
-5.303387023526903,0
0.0977652845704066,0
2.231157634641612,0
2.5900484303583764,0
3.6476356489805246,0
-6.346459304318065,0
2.6161581183326206,0
-1.6111975732574781,0
2.0090343419705743,0
2.2979735136352675,0
-1.0563092425810692,0
-4.510389584181945,0
-7.123533004780839,0
0.7505639447836483,0
1.1623648806421079,0
0.8396316819708546,0
1.727127500886872,0
-0.7243428203182047,0
0.3197024197225672,0
-0.6425794048671372,0
-0.7721762573448925,0
2.839680982856852,0
5.688733057410988,0
1.1931473202851646,0
3.1151097477974186,0
1.3880001347490074,0
-0.7029368817275532,0
2.70077395758623,0
0.03249020584223302,0
-5.683292215140547,0
-0.5202866704439181,0
2.0115858308586687,0
0.8748845911538775,0
0.06812916321591553,0
2.3929408849905998,0
-2.55776621082424,0
-3.1071368427780097,0
-8.336878758845224,0
-2.836841266096189,0
-1.9559536161597406,0
-2.5630828029605817,0
4.68991636361957,0
-2.1435247575772127,0
-3.3013334300576114,0
0.5300114053994978,0
-0.6053461365443866,0
-3.051945647726189,0
5.294312620731637,0
-2.7594740152351527,0
-0.13566544544820644,0
1.7316044676817723,0
2.2657739761016926,0
-0.7449021972424772,0
0.33087237015026866,0
-4.242504865404459,0
-8.025099926510535,0
-5.926707452379752,0
-8.033608040609792,0
-0.9662329709274011,0
-0.42162758173115555,0
-5.998116017828226,0
1.309319920846537,0
-2.7450889380588728,0
0.5720384122344253,0
-4.438546163227489,0
-0.048358614293556375,0
-1.96853519228897,0
8.77012478134555,0
1.7223636313364221,0
-1.442854234061662,0
-0.7053566397476987,0
-1.7079447984148186,0
1.458967870903427,0
-1.4615711235791493,0
-0.807038566985609,0
4.781726582201314,0
-0.17363232439397192,0
-3.959429266691643,0
3.780052983698348,0
5.064344200398835,0
2.9484394503750284,0
0.5148421622347922,0
-0.5948701467731399,0
-0.19371686786235445,0
-0.6469388688226427,0
-3.2822213524729427,0
-0.8844825702289332,0
-4.965565438526946,0
-2.920151565039135,0
-1.764827080005733,0
-2.666907637406822,0
1.0650191102134425,0
5.666107356243376,0
-5.6293668939394905,0
-0.9032239600573737,0
2.97993535530171,0
2.973943941264844,0
-1.5055851519390058,0
2.812177152043219,0
-0.6273237252151447,0
2.150041061484012,0
-0.6832378742473515,0
-2.803949221772198,0
-1.1632498189231075,0
-6.686937538091709,0
1.3847136292406244,0
2.006481127286139,0
0.40945124610526096,0
1.0770340878613982,0
4.178745695333198,0
-0.5876999105354331,0
-3.3218839048562803,0
3.87089941237359,0
0.9417026600647818,0
0.4235539814240322,0
4.10385000409314,0
0.9665449338124985,0
-0.9652469030586606,0
1.93990685108127,0
-0.5049256049994725,0
-0.7667291385706265,0
-4.207983545180388,0
1.9345799870834153,0
3.7519311080278177,0
-2.9062333887446994,0
1.6649126882242116,0
7.621174419698869,0
-0.4546251747243859,0
4.1261515592650495,0
1.0731845948871463,0
-3.838930992100638,0
-2.1069766350468395,0
-4.117380133248731,0
3.8377817825838543,0
1.1577698692423386,0
-6.214995738675463,0
-1.5451201467257374,0
-1.1406621873012457,0
1.385020313110504,0
-0.7402117898621214,0
0.6268963287042846,0
-2.083338807698456,0
-3.5853718190787376,0
1.9082409487043792,0
-4.061819544442015,0
2.6032981850591956,0
-2.9766246889776733,0
-0.2856674864853604,0
2.9628566955328486,0
0.42877016797185485,0
5.636273285765702,0
0.43376547083628075,0
-5.36918810187654,0
1.7110451899791395,0
-7.348083168297524,0
0.6131287476367319,0
-3.278442572947645,0
1.3344836604062587,0
-1.009096491902539,0
1.7125863571415696,0
2.2129086619042777,0
2.6658428342079485,0
0.3849220142812181,0
1.398677402214795,0
1.3181356567535625,0
0.6429198627711172,0
-3.051380060334062,0
1.5715624029645485,0
-4.093708317903673,0
-2.607782150261643,0
-4.49361224748863,0
-6.231351955127375,0
-2.4095225541245426,0
-3.1147687909097286,0
-0.8237133803760288,0
-4.049421147622893,0
0.5058577279597904,0
-1.1790882541803387,0
2.0141204237191985,0
-1.4166164174321871,0
-4.065705817160104,0
2.0801671692993144,0
-0.7799621731314008,0
-2.2319516289055694,0
7.763435338926827,0
-6.034802245896169,0
-5.56367182909894,0
-3.891544732983429,0
-0.2834372650437987,0
-3.021505377079791,0
1.7574239257044528,0
-1.0128567154407273,0
-1.412159644695818,0
1.540473060820434,0
-6.485964740753549,0
-2.756896304832306,0
5.36983715125874,0
2.722446913646857,0
0.7879060876419302,0
0.13291937826082853,0
-3.14346947810842,0
2.958104647359656,0
-1.648056691759289,0
2.168703968903118,0
-3.1446254982246487,0
4.300552302147031,0
2.9843599589808374,0
0.2540432013409624,0
2.302927608868147,0
-0.9227607919144853,0
0.4372028285689701,0
2.094647950448864,0
1.1000391774972154,0
-4.664183617569163,0
-4.765426525479063,0
-4.886233739369773,0
2.8153638229706086,0
-1.0179140709804753,0
-0.06111082306609518,0
0.3008490504413115,0
2.582787245096038,0
-3.3043826607931903,0
-0.38484458037947766,0
-1.1377976805439043,0
1.101628003824162,0
-1.075999370940691,0
0.5480329651590474,0
1.276887488993413,0
-2.919642372306918,0
0.25077547062838407,0
2.0703981941218257,0
1.1899798979193599,0
-0.6393371773314669,0
-2.470255261392225,0
-2.6882385948194734,0
1.8777358601120318,0
1.975886937599883,0
3.9907760697821653,0
1.6830416513433533,0
-0.5065928154904089,0
0.9162914572589531,0
3.782975916901798,0
4.526644524585921,0
-3.728046629870736,0
2.069848457331723,0
1.155259014061962,0
1.719947403777196,0
0.8394136954011007,0
-3.6449602614033556,0
2.7831165831576117,0
3.9676499760271824,0
0.524832472336854,0
1.0132023800622694,0
6.280470834522738,0
1.3451846748501042,0
2.7453644655394345,0
0.4402824141136753,0
6.165800690071735,0
-6.1841432358406845,0
-0.6736713264372971,0
1.1184027534885694,0
-4.390847701963953,0
3.164994453873991,0
-2.5332733162682626,0
2.5826200909247543,0
2.9350887391468734,0
0.5357273620788586,0
3.76563137223652,0
2.9843725181142142,0
-3.4479929461527847,0
2.637254730031428,0
4.168021382762783,0
-1.428961740913926,0
0.32512383044546234,0
3.3366075172663443,0
-2.8217612254921742,0
2.4440420346019773,0
-0.9231258963280639,0
-4.157249162919992,0
-3.226361057749398,0
3.0507819695180682,0
-1.857444976361231,0
-0.3236844207079568,0
1.7258670555504225,0
-4.108493623781875,0
-0.942966955572574,0
2.810869434831104,0
-3.773777910622361,0
7.041075482315642,0
3.755930681552739,0
3.5059082872684124,0
-3.6603320375796686,0
2.2400263452103664,0
2.309820263438895,0
0.5726621839709705,0
1.9401366688930604,0
2.9517339571623,0
-0.34869115124417327,0
2.8054410543698953,0
0.5709624784015254,0
-0.45337995162497635,0
-0.8810044195379048,0
2.049972892877153,0
2.0250038305049376,0
-1.0785924102845794,0
1.685458207605794,0
-5.422964807681545,0
-0.05700051010417476,0
2.092887307775034,0
-0.04997901836532892,0
2.5013193298146774,0
-0.21613546312317572,0
2.254389403355616,0
1.551462587647629,0
2.994227683517722,0
-1.6607857187011956,0
3.2721306382651507,0
-1.6419543940395491,0
1.5261052516705034,0
-3.167920899081582,0
-0.12468667457851346,0
-0.5028004755023849,0
0.34265310893614637,0
-2.251907358317636,0
2.506298147273336,0
-0.25149341760108274,0
-1.4645394092564314,0
-4.289225402702574,0
-3.327280160884432,0
3.9173627854591997,0
-1.1920059134311418,0
-2.7020638955827487,0
1.6378051891361882,0
-0.3476777432277862,0
1.3683326236706739,0
2.1501372920969297,0
5.763717289875304,0
-1.0750730590211492,0
2.398642795821816,0
-5.064424522527227,0
7.3580897773322445,0
-1.1999415508035485,0
8.287727083480938,0
-2.5182022343242894,0
-0.9292652877714678,0
1.2408348091199954,0
-8.71397840590138,0
-3.596258841574831,0
1.9142459238507281,0
-1.2734906360912488,0
2.0459924341303326,0
-1.9215070856135967,0
5.891085657919821,0
-0.7830186000362087,0
5.070034059365149,0
3.6934011248150425,0
-1.129532590436943,0
-3.4846359729395937,0
2.8763083577998962,0
-0.1466683172793537,0
-3.22763111795122,0
-1.531159542220476,0
-4.921437351537734,0
-6.243460342660935,0
-0.45800701677864153,0
1.755395259706852,0
5.381147982589344,0
0.601472228607448,0
0.7704856561595872,0
2.65753238873433,0
1.178649207755862,0
2.77610965521908,0
0.6390553883101513,0
1.911036368927408,0
-2.803263014495524,0
-3.526202297325937,0
1.854217173951007,0
-4.857083125095645,0
-4.949997342948209,0
-0.28599471519934416,0
-2.5752020814952816,0
0.13021275138804558,0
-3.0155117674697793,0
-1.3214665630199158,0
2.142951984879984,0
2.944799062938779,0
6.311998129355718,0
-1.7629098267795662,0
-2.755404652690325,0
-0.5489433502351677,0
1.5127762725064946,0
2.5365828788106226,0
0.9566167498651148,0
0.6835224621247526,0
-2.2434652696172552,0
3.28415516947356,0
-4.489060934384154,0
1.2592407703100035,0
-0.2833788336678776,0
-1.8724453180984688,0
-5.76230859154974,0
-2.7070115776051145,0
1.3739064210644925,0
-4.71507311223224,0
-1.7031870819469375,0
-0.9897552587308411,0
3.0312807833939113,0
-1.0884686328535542,0
2.339923171201785,0
-1.253581447890708,0
0.7000938929097815,0
-1.8995254203112588,0
-0.5016655410159743,0
1.2765402891184072,0
1.179373726248837,0
2.578363926279112,0
2.762930610546851,0
-2.7173784615323155,0
3.1086918968157944,0
0.2342773001880325,0
2.0773924831387207,0
0.21416280252568143,0
1.6036473798841446,0
-2.6265913818156834,0
1.20946395523866,0
-3.598156144907348,0
-0.8112464158817982,0
-0.25475503484925044,0
-5.762955673956734,0
-2.640913132592018,0
5.181101476392248,0
-3.0380515696366515,0
1.7470623205354574,0
0.15332524669538894,0
0.571620330992014,0
-2.6820411621199174,0
2.957756568071857,0
-2.3505647388353546,0
2.677362535397533,0
-1.3433299702139316,0
0.3317141019476122,0
-6.338291975639624,0
1.7860615706023832,0
-2.4292477420984344,0
1.5680788894637598,0
-4.070306247586128,0
-4.6314543205063,0
-0.33602284407816796,0
-0.7603627167742965,0
0.8463352031449568,0
-0.515942736658156,0
-2.8313675786242634,0
0.19932333508433778,0
0.06687016941044599,0
-1.3522193510364593,0
-3.494674323289554,0
-3.4161680570764323,0
1.8573578144283678,0
-1.6252909010715975,0
4.547869847466256,0
-3.0054736652135876,0
-3.3053610810445635,0
1.2262327285734986,0
-3.131099126591538,0
6.411704468770031,0
-3.378170850685503,0
0.524188621182332,0
-5.13295035236075,0
-0.723562744565521,0
-0.1094079532414795,0
1.9329950301535532,0
-1.3656557110660867,0
-7.692768396977415,0
-2.5995270951808243,0
-1.1858530661065583,0
0.8777620521928804,0
-3.652625922298121,0
2.947374673948576,0
2.56689774886656,0
-0.5381032352728723,0
2.23895878957127,0
3.4197098141401883,0
0.9784399910996799,0
1.136115928877377,0
2.0557346766204354,0
-0.6776824587915327,0
-1.9441356926376234,0
-4.257259588660586,0
-3.2084912553932696,0
-3.6989148444527666,0
-0.4879261571570507,0
-5.933384576553166,0
-5.218380506321941,0
1.25587084789435,0
1.3482177305920948,0
0.9430831650759636,0
-5.3066770808785755,0
4.041584809208501,0
-4.791649066541684,0
-1.4217849120792097,0
-6.036910625200408,0
-3.460655064408149,0
-5.8111360044162295,0
-1.4610788770624006,0
0.5649443392275862,0
1.601501446648713,0
2.410122480526822,0
-0.2712705840875013,0
-2.3081480987692773,0
4.981680155022724,0
1.8917314637852987,0
-0.9301671087891794,0
1.462373985185613,0
-1.5087631571546325,0
0.5918571386564568,0
1.0595599445903332,0
3.53673855565744,0
1.4977941733674702,0
-3.6894268900712825,0
1.165737127742861,0
-2.052498347328936,0
4.738681281427153,0
-1.703964125821284,0
3.1270224793856887,0
-6.10076900225651,0
6.7125657227535855,0
9.206558629963808,0
-0.440291503841978,0
1.1414500826235718,0
-0.507287173047796,0
-3.2339561789865865,0
0.4527409114356458,0
3.6452891367422775,0
-3.5242135236484406,0
-2.0075802704144556,0
1.7980605112891461,0
0.668058653554415,0
0.25561792688040974,0
3.7317310863726427,0
4.15799083163669,0
-3.304887322848291,0
-1.3939845468275534,0
-0.582333593486655,0
-4.971500886330083,0
0.6757000810193072,0
-0.3969746992768978,0
-4.864917154863015,0
-5.744977473795177,0
3.0837298567273255,0
-2.9202533749101316,0
2.8836444568964943,0
-0.05410227950297379,0
0.24874562147845286,0
1.86962971892343,0
-2.026349471681936,0
-0.5687384809893642,0
0.037295205312076196,0
-4.0481291247004325,0
4.343403460029851,0
-3.0723792760051856,0
-2.156663099706996,0
0.792200331659369,0
-0.22781213909375467,0
-1.8398873789571306,0
-1.9132178170117617,0
0.04282191709153495,0
6.286788689114204,0
2.092558515178696,0
-6.3542853366782195,0
2.366470362948666,0
1.328208503533542,0
-0.010815673600028119,0
3.557676698668219,0
4.662109369809693,0
0.8384514126216138,0
-4.09745792204963,0
0.1897949420229676,0
6.293268410421337,0
-2.687049051197378,0
0.06164731034932296,0
3.5482317828011896,0
3.6147811292048804,0
-3.199240252602638,0
-3.1784245519448575,0
-0.15706230728440923,0
-2.6483774047130577,0
-1.6193864477868236,0
-0.3801031814750587,0
0.2989972083056399,0
0.4689726704759599,0
-2.2378688898310486,0
3.301491781758989,0
-3.5342736824634957,0
2.7713151629876127,0
-0.21144832924761298,0
-1.2990172055480236,0
2.9123665082421164,0
7.588812759292776,10
12.142366030842087,10
11.240592191519923,10
14.83417469404895,10
7.378184886291146,10
12.856781980789679,10
9.19557830886811,10
6.903635418425377,10
7.800912276318113,10
8.81547330374052,10
10.363298642980622,10
14.183701020427925,10
4.798787730553855,10
6.9893452640682305,10
13.20120417985266,10
10.274261676120501,10
12.235303287207405,10
6.573846281641462,10
10.429920737196243,10
12.391786081753528,10
5.910084513171889,10
7.675999888068564,10
8.163275332676571,10
8.833657135936773,10
11.657509048710251,10
7.2359871790582595,10
10.194996880829466,10
16.554409905989125,10
9.476962622018624,10
7.612507147451922,10
10.831545778363127,10
9.677723927458487,10
8.287592512825242,10
11.395283496516196,10
4.7992556152416315,10
11.816389885840206,10
10.069470745821869,10
6.8924502525468245,10
10.964267044587316,10
7.8312510090980325,10
13.17254654788779,10
8.232849008419038,10
7.376569352303688,10
13.453678880668512,10
7.104122844489627,10
6.60376908406693,10
9.951438704682543,10
11.239858746505767,10
8.776031002775866,10
12.012732690538737,10
11.161436342635978,10
9.526455866983872,10
14.028751725511535,10
8.040484655709296,10
12.72985064953254,10
8.820424571799373,10
6.300795971970815,10
11.769337697301692,10
9.821754233552495,10
11.154055069006246,10
6.469595886494121,10
9.19942911731116,10
10.903302056563541,10
12.010676476367571,10
12.951310251655284,10
12.398144039190333,10
11.64463011557214,10
13.32615537068865,10
12.622654043333576,10
12.69765948973799,10
12.452550343196926,10
10.66090079964602,10
8.954722400650517,10
9.198864432112634,10
8.2497249495279,10
12.299326314750124,10
8.146906753027526,10
12.136098520758207,10
8.742739005284607,10
4.732121307954732,10
4.057526923548635,10
11.752579334117211,10
11.167138041023252,10
5.29501354047154,10
7.011950849007501,10
5.309580324182756,10
7.674268719107017,10
7.501185973592314,10
8.472016083921531,10
4.107770618645328,10
6.225298794130165,10
7.491640889602374,10
13.1580637790074,10
9.50334777342083,10
4.040639409903161,10
6.965656333611989,10
9.789524128558634,10
6.6912573952602115,10
10.192898126173182,10
4.206581241107994,10
13.201690196756266,10
9.970819394120548,10
10.958282688328012,10
10.776787379224537,10
6.385367577641736,10
8.151723613075438,10
7.9326130552453105,10
9.993535391102597,10
6.530323615892774,10
14.107684558402777,10
15.242213228845637,10
5.217184185440098,10
11.724394885026491,10
9.848128485154232,10
8.910607161519927,10
10.020027436456774,10
13.411325454887628,10
9.506227408600118,10
9.906024928139816,10
13.460664471473994,10
14.049612064941464,10
10.488537977220664,10
3.5251496670055653,10
5.922086644764093,10
8.791663818417682,10
12.376970657458493,10
10.227156700418302,10
14.711821007499449,10
13.363722309999389,10
6.0171171503262695,10
5.863413087567258,10
-2.109129857510993,10
14.900836255963965,10
9.149551985096785,10
12.981118212086725,10
9.89522567122164,10
15.879159981728305,10
9.34056355258272,10
8.799877615128088,10
5.331981784886288,10
13.923019612210107,10
11.468893206556197,10
7.132023404131595,10
9.041141236529503,10
10.595959066936592,10
15.169571525467436,10
16.45812972290881,10
12.164610231679857,10
7.562907601005495,10
11.819855180160186,10
8.86342621142805,10
9.443340859811377,10
13.867221612025784,10
16.19376819558196,10
6.015622639922913,10
8.752499802307042,10
9.016580580017077,10
18.516721529470423,10
12.003370127481004,10
9.252990631494422,10
5.490814674415612,10
12.477677320713262,10
11.432314655588186,10
8.779505146341371,10
14.197701582680097,10
12.570139138853374,10
5.9208680294578295,10
7.810030094372372,10
6.686773525521488,10
7.52509633913756,10
10.53549043642161,10
10.020741290243043,10
3.2567501145417816,10
9.513963738074136,10
10.785891509341004,10
9.711403550125997,10
11.787826502831848,10
8.168731957912149,10
7.010572572523767,10
5.341354989709929,10
11.676771544000474,10
6.118968489676843,10
11.980994425572336,10
7.221520529391926,10
7.133373142914424,10
5.434466717853155,10
7.702831858835866,10
9.623876842842465,10
13.377056661073528,10
13.687252923067138,10
14.458694360091373,10
9.211048303830886,10
10.422995827440042,10
6.147602155790281,10
8.330114756603649,10
10.319687887117977,10
6.855770278061682,10
10.368964847044008,10
11.098164084539736,10
8.93298494627685,10
9.338038005507006,10
14.136558384998079,10
8.727279154695383,10
11.94401301160281,10
12.567834381246895,10
9.205225728182931,10
6.460972222834977,10
10.280189771399211,10
11.201077534947387,10
6.632233939654148,10
14.313612428871611,10
8.599970665231535,10
13.4667857706518,10
11.297905015551029,10
8.608763921101872,10
4.295112992697375,10
9.041266660590997,10
13.452797182356559,10
8.120192698177442,10
5.269684273251491,10
5.600210301132836,10
9.962156128042407,10
7.878022142258477,10
9.637154091108687,10
9.564872885973992,10
9.771164570773108,10
14.662529174292676,10
10.58065771639949,10
7.216032322277433,10
14.619600903390113,10
11.896608539516365,10
14.864473254611237,10
8.786311131853605,10
12.075673959269006,10
12.687467806312071,10
8.3111760245146,10
14.666380324749472,10
11.033417791634296,10
9.111787131998524,10
5.816305511822778,10
10.690749697792164,10
10.317442211133255,10
11.275802452729174,10
8.22732747616824,10
7.616780190848243,10
8.363007167928135,10
7.396007404321966,10
7.797062076431224,10
10.23391360731124,10
11.525992976001131,10
8.179219375105697,10
9.111830638899441,10
10.999108652124786,10
7.6240740259374995,10
9.951975564495386,10
3.135978635372208,10
8.07698074046684,10
13.30841241473057,10
9.990656569924425,10
10.75851114178073,10
6.879649957941214,10
14.968594390246599,10
12.267324520563431,10
11.27242277171464,10
4.378732308634343,10
8.651135237007727,10
8.536547470574325,10
10.430567746989452,10
8.816044580089525,10
6.866835141754989,10
7.578668852583872,10
12.069246743353736,10
8.24633818781702,10
5.698078455555121,10
13.412823276690197,10
11.15153433345333,10
13.609422631926721,10
12.439047817919944,10
13.953489463841294,10
7.788644467718489,10
5.536626635383913,10
9.633957307292306,10
9.259286243878506,10
12.03423778215915,10
8.91708197353632,10
10.765848808524053,10
9.534176347427254,10
11.192950050692096,10
13.918363227746788,10
14.027622692005023,10
9.576597937345012,10
14.335112244448139,10
14.495105024507115,10
6.636646529504819,10
7.907533899095296,10
9.666001001916632,10
10.553115572226517,10
9.23509204371581,10
14.17426209938377,10
8.294404180645513,10
9.894320199973903,10
10.964528195934633,10
0.40034293704411184,10
6.0490350162916116,10
8.993247149846384,10
13.911849892098774,10
6.7707716545482475,10
9.996201402074215,10
10.205868788848488,10
12.939030944198574,10
10.169364598273402,10
10.241120140727114,10
9.791423468172356,10
15.070940633704396,10
9.083400423074572,10
9.724402218194385,10
8.775928198340576,10
14.269491754447671,10
12.342475039571813,10
6.8239360270476155,10
9.121595237539065,10
8.045841476278067,10
7.8436108986615,10
9.985978829082217,10
7.254396743067478,10
11.77822246569258,10
8.77774362845675,10
9.071181901188416,10
13.031433592989181,10
11.047361718017218,10
9.011160644363377,10
9.945342330254725,10
9.871405587436596,10
6.158289387569868,10
10.162716119099066,10
9.993036663380373,10
13.375437625888868,10
9.392896308574665,10
6.805224493051181,10
13.942645209039078,10
9.019120713898706,10
11.987300767183774,10
10.302352105084529,10
10.778225764924658,10
2.3577871643252566,10
8.225150885012772,10
9.980749268540428,10
6.090160138282634,10
11.420580386811304,10
14.979816366702057,10
11.171632645061877,10
9.085266242691073,10
5.683937945464818,10
6.1126580392217305,10
8.106080446295422,10
12.698069477447822,10
16.73050665295552,10
16.450866635053575,10
6.000041202088511,10
10.29099229258799,10
5.5804016304009805,10
10.883292953836287,10
11.424899929971989,10
10.027002916681726,10
10.860697599094564,10
15.532106423809623,10
10.153246964666355,10
11.99321418714068,10
9.195174314160779,10
11.477926634443069,10
9.84295882834724,10
12.768313783144338,10
10.825840802204764,10
11.938709758255618,10
9.616337686265041,10
4.222316304609521,10
2.8866644592185056,10
10.80389232086552,10
8.737293334679313,10
12.695441155875116,10
9.56896400246542,10
10.997568716907573,10
12.930334089522939,10
12.388648236745388,10
9.337385605934267,10
9.810462916649323,10
8.051448849389251,10
11.863914592122931,10
8.986564080807684,10
4.568356492288681,10
7.548410730062886,10
13.790121160201922,10
8.840877671778605,10
7.988691099941718,10
11.264443521725632,10
12.548524122276133,10
13.518818033545603,10
9.977802657004181,10
13.729530315251562,10
10.816775671035428,10
8.762009139055744,10
13.791659296002592,10
13.755931656534623,10
8.710516156387975,10
10.650665990613337,10
11.43580254558557,10
9.467366035541772,10
11.848804235919419,10
1.4066791074800022,10
7.7804636829512965,10
6.638709145152918,10
7.642056752174476,10
9.779724733787614,10
12.059541117229582,10
14.27435865049241,10
10.582524713335264,10
13.533103483792994,10
6.944917523516338,10
4.115435971612774,10
13.582685656498004,10
9.388598237177018,10
12.972037167424444,10
8.316881720627375,10
10.739685305363569,10
7.7454168669944226,10
5.637046650256309,10
8.347580229966384,10
7.835206545479879,10
12.58154822857589,10
4.500696798619482,10
13.440188975939119,10
7.394981970481217,10
13.65986864907391,10
11.674289876504599,10
3.88259969939502,10
16.88088501367751,10
7.398433016309494,10
12.302674748011526,10
10.935726891656552,10
11.25844407848206,10
7.494047377343465,10
8.209579056938574,10
8.147846946403108,10
2.6221070306782055,10
12.401782633225036,10
13.242974397487675,10
11.692938364717696,10
4.877924453604186,10
17.53162562242173,10
3.026272808065248,10
11.174580829940364,10
8.02413196830542,10
8.626784347627158,10
8.235845797133004,10
7.917266681180594,10
9.654647534862654,10
15.751591228687102,10
10.591268138292476,10
9.601779120034694,10
10.367285723698147,10
12.767768282362901,10
9.77860831817655,10
11.478800817729114,10
7.1077650979691835,10
5.469196995605685,10
6.433493987701308,10
9.93843944098325,10
5.788388332683692,10
11.689563856402605,10
13.368742354838044,10
7.314088553694899,10
6.005956236016501,10
9.128823233279295,10
9.736114005903701,10
10.975826359566504,10
9.03018475836937,10
8.96013632669024,10
7.515266428590384,10
5.667716553449263,10
9.59321442904949,10
14.53281353330261,10
8.442006568284981,10
9.761050143797679,10
13.752189983147986,10
12.567743132112236,10
14.988696634209886,10
6.530144666942605,10
13.576613121831828,10
6.265256169001262,10
7.779294772026178,10
9.91726808384521,10
5.14533496471184,10
11.564565116663617,10
12.354997184505672,10
13.792901824589554,10
11.014428544142616,10
11.445325930933647,10
9.861894018033903,10
10.042289937005638,10
14.782290494078298,10
8.479500662222483,10
7.981362664829483,10
13.94531222138416,10
6.17160415750805,10
11.720499011874987,10
5.546625638354094,10
6.683599387020825,10
15.8420070040908,10
15.699497357279956,10
14.265239067176179,10
6.461682754167501,10
16.317305949603035,10
4.961735824422554,10
10.452728476944618,10
7.140384862257086,10
8.953766867278818,10
12.769890633888867,10
5.874200882200203,10
4.225915170561511,10
5.055451520726905,10
13.24748447679382,10
6.243281311849437,10
8.457353001863774,10
9.0538407339606,10
11.446746561305666,10
7.791978754111224,10
9.348863102939447,10
12.592955880977597,10
15.64130860763606,10
11.414093706468758,10
14.302953522356693,10
5.978754947469224,10
16.215264301611207,10
9.958912499709518,10
10.063899450368362,10
6.896905028935723,10
5.665851050153818,10
10.879610218189965,10
12.720162864605122,10
14.249296499490463,10
9.553115330457425,10
1.7495340710334055,10
15.02308538787516,10
7.8874559283151084,10
10.158152902800945,10
5.5938212520992545,10
11.079664130434253,10
15.57497208153227,10
4.76722605319924,10
14.099497402666573,10
10.165175723408188,10
13.186445357513065,10
10.703602802680665,10
11.538927702824902,10
6.894303817055574,10
9.255514577232738,10
11.842624031986393,10
14.853167876459267,10
8.470923699624121,10
9.755651520018478,10
12.104423732866787,10
8.405510771434411,10
6.843917448131214,10
6.017644848983037,10
13.47701226672272,10
7.54537323988893,10
7.226640580677961,10
4.729391663526703,10
4.076607053522658,10
8.197559099259196,10
7.8050705511938725,10
6.700950132329759,10
8.80525056762496,10
9.751737268471706,10
10.647136861730907,10
5.251667299283313,10
7.884841685864417,10
11.309417725687414,10
6.979204701316873,10
11.841788761134566,10
14.474586517381944,10
11.391272492464406,10
4.652436549470203,10
6.476373533155716,10
8.23802497680472,10
5.65214936820421,10
5.1604865033772365,10
11.635980733993058,10
7.318034078726796,10
15.02400911766182,10
16.581506711557186,10
6.094834426949667,10
10.453749140564907,10
10.184272045872468,10
9.364272441860738,10
14.199384229274958,10
7.404633997158226,10
15.2994386470128,10
12.537617054959448,10
10.521287502422027,10
9.622842308521866,10
12.918708599030527,10
12.96785776194762,10
12.38633075890462,10
10.249710050424017,10
9.894022254114821,10
9.13173896119197,10
8.053491058181958,10
11.438445102688519,10
6.910456113404436,10
8.519718313434044,10
6.2256565708362235,10
10.621110012036493,10
11.828212241054521,10
14.720664356214117,10
3.8798550341985756,10
11.847190541229248,10
7.301884712758255,10
11.435829325049742,10
12.181917491518742,10
10.86896322990146,10
11.432685882126984,10
11.308667080925833,10
7.847804530468471,10
12.001783093259506,10
8.256407286510317,10
6.39747201864657,10
11.740072543744642,10
7.465716966490257,10
11.762551534583775,10
13.759534911869233,10
13.73132375190558,10
11.262056702090236,10
9.016716496131085,10
15.110081084956313,10
11.668047664708315,10
8.958017552870087,10
14.67309450031102,10
7.596178587954133,10
11.163720289318865,10
10.32076906868838,10
9.821476802609896,10
5.139651686282351,10
13.706111726676024,10
11.650611620108585,10
13.720401568737268,10
7.617720743773161,10
19.925256769135046,10
19.009142957858966,10
5.660952848275252,10
11.581803088237606,10
12.512314784654695,10
8.752585898536205,10
4.941112681204823,10
11.479738434627563,10
6.866168750988632,10
8.147089753225714,10
10.018526709253466,10
10.975103630547592,10
12.038961931792514,10
15.687539020950751,10
8.159527160603524,10
16.681104730980845,10
9.108654959918344,10
7.570267711037034,10
8.497047646900777,10
12.136855875733582,10
8.214951902588307,10
6.137421215544473,10
9.124789695521182,10
6.761744651160359,10
10.39775354537281,10
11.04837530071689,10
8.329290400537891,10
10.28037197096965,10
7.209837684057092,10
14.718965242403216,10
10.433666790993836,10
5.375015364540944,10
16.058471174519283,10
14.59263391268529,10
8.42873430996505,10
8.997333644163358,10
7.095092392731274,10
16.03132410057253,10
9.17156637389365,10
10.624909313648837,10
9.481622926926624,10
13.984142552170798,10
12.896624725078771,10
12.85464929085092,10
10.49810273766992,10
10.209710657809175,10
13.06205514077645,10
11.809304185793488,10
11.4424770702839,10
11.325660895555517,10
5.740916727211136,10
13.250156552972033,10
10.706145951381133,10
15.298201116043147,10
12.32512863409122,10
13.3157554666837,10
11.12264763277129,10
7.352246385899951,10
8.929174062217056,10
9.810325139454086,10
11.00900580841432,10
14.247956221620324,10
10.070854335104862,10
10.183187619782107,10
12.47649338696446,10
13.593144932687517,10
8.946566632364519,10
5.817732845838645,10
14.449622832226396,10
11.45199089935957,10
11.763545711429053,10
8.871393199456378,10
3.389447073701038,10
8.186604951638992,10
11.093936919461045,10
16.32289089982319,10
10.20072743540496,10
11.3253873663371,10
11.01204583313226,10
9.965765819463291,10
11.293751016140137,10
4.295453090258584,10
7.778934043191832,10
8.583610339852008,10
13.682473351189367,10
10.718094743029148,10
7.781941190253726,10
5.946437464266274,10
6.292297270722626,10
9.210572700630115,10
9.603127081163258,10
11.588691778638365,10
8.115499250144117,10
9.949255384458608,10
6.76463558984346,10
9.145047134726092,10
6.486495503623372,10
11.816838012278982,10
12.195310663988122,10
7.390359557437551,10
12.91152345260702,10
13.081646304965364,10
5.930234210677705,10
9.805181426052576,10
11.13699676208693,10
17.10019172795439,10
12.609961102668445,10
9.781981845625475,10
11.422501564285968,10
5.754216572699078,10
10.734846866982995,10
7.962698959272812,10
9.108320918014755,10
12.761772481269178,10
9.461089801312925,10
14.175780882884645,10
5.444715926372611,10
13.504402636498398,10
7.832286153036715,10
11.070322335827479,10
15.573535814705888,10
7.779267287236189,10
13.525178037652793,10
9.356701234190668,10
6.492068878540656,10
6.484639589844266,10
12.216720813680311,10
6.802810721677983,10
10.61341139773291,10
7.345511983503723,10
12.57923175093189,10
7.419517729403361,10
11.899223198705908,10
8.221959773747987,10
4.054463370063876,10
10.384762779865781,10
9.83442808903132,10
8.111073838664806,10
12.833435243144898,10
10.018662502583561,10
5.679931986508674,10
15.296249627335087,10
10.439431271170054,10
12.07267046705375,10
11.031019825390281,10
13.253107369410992,10
11.777155790257348,10
12.13967582679046,10
4.846558309879926,10
6.438183376600504,10
10.058007044918893,10
12.690083350689621,10
7.916930820568613,10
5.464201007553259,10
13.94537802674995,10
6.009265227499775,10
10.905041632467857,10
9.30242519942951,10
11.909711328481498,10
7.5252507435581055,10
13.738961114017885,10
11.602480132078421,10
7.175187272582232,10
12.95217187792771,10
8.010367578730925,10
10.191532228312807,10
9.735336917517012,10
14.88704447473501,10
15.533915839761722,10
10.716663133733327,10
12.68333239127437,10
5.6128180813844155,10
5.805775775093547,10
11.241481002859189,10
5.155103411705494,10
7.779208122321258,10
7.444506282754533,10
13.981687297148556,10
6.683352234763415,10
8.192896492324806,10
7.8012640620927325,10
10.354133250056686,10
9.177499895006687,10
12.554948511924023,10
10.08080230121949,10
9.920524675922938,10
11.874665974755182,10
3.8370488050363436,10
10.396146111810705,10
15.355658340027823,10
11.708283542322338,10
5.800598693200934,10
8.986538197444151,10
11.072653235791815,10
10.992752041647288,10
10.621430350473606,10
6.802882042209567,10
4.704763928066963,10
5.861102298255492,10
2.4223654608078062,10
13.11561645923096,10
14.893905355096152,10
8.457206990751121,10
7.619854519426976,10
13.762056783213897,10
12.656853609569565,10
6.053922039863203,10
10.784058751996877,10
12.607153541980766,10
11.192531938690404,10
14.438149302362344,10
10.627085133311304,10
4.379170582596074,10
15.16914637971663,10
6.778722546152845,10
6.004317008666332,10
6.819202259252781,10
10.09821118016304,10
18.647907666389052,10
6.188135163814176,10
11.327319511348767,10
11.484544558489777,10
10.648662236414307,10
11.72164434698637,10
11.288079098994034,10
11.141506664234479,10
8.522988755468377,10
13.073632472051235,10
10.167181453569293,10
9.427097500434565,10
7.907960487719654,10
9.606920198029197,10
10.82210946415019,10
11.05812965770341,10
8.659594109537347,10
9.254021005184129,10
11.778237053717895,10
10.053331142556639,10
5.610468357825933,10
8.84890451829023,10
13.637972963662124,10
6.76616297187143,10
10.717059806159162,10
7.237888216426948,10
11.43151487252969,10
14.804930276673785,10
6.855915496686955,10
5.548314393499418,10
12.302935143734773,10
6.291288737567567,10
5.554249505889117,10
6.719936559013814,10
12.167294025671579,10
5.940872159881852,10
9.643326166899369,10
11.634594656235636,10
14.242157847197388,10
7.4042733574145325,10
4.080406160208435,10
11.489099293898716,10
9.42677353918874,10
13.39337633169847,10
14.954095419720945,10
16.499646723744853,10
6.024726695902983,10
11.809586611461707,10
9.809568875627402,10
7.979037508269885,10
7.709963298280465,10
3.6745324931494867,10
12.09830583517098,10
10.475018693938843,10
12.227605463563886,10
6.790325790537805,10
6.26123598660482,10
8.319718454691552,10
10.42141186884959,10
8.328423410728456,10
4.403401452069025,10
13.19514819904468,10
12.457090330978929,10
3.8893545898537987,10
10.05711812532566,10
12.575832529520504,10
7.572322485558756,10
13.771074169119165,10
9.567458288808762,10
5.533416411662436,10
8.028954614023881,10
9.201267177290388,10
10.248438491505805,10
11.35149560711887,10
12.778205706709596,10
8.1289461307235,10
8.691717603266495,10
11.995232398868346,10
12.11335385881107,10
17.031389019098224,10
9.733018207056972,10
9.490410882270796,10
10.9361214950472,10
11.8516077514861,10
3.0665645435018307,10
9.48775244334897,10
11.760712105767551,10
11.242998296565585,10
12.98712977843776,10
13.21650602179524,10
14.324096706418874,10
4.072143418911786,10
11.149740170395882,10
17.737635647555635,10
4.880324775980955,10
9.16955946427149,10
10.85445546129777,10
6.9974528936482265,10
9.922119918998288,10
11.445283261420524,10
13.496998663330565,10
12.871783587037655,10
9.068948977988628,10
16.223947047675836,10
10.29043431064645,10
10.01760684234594,10
16.023565387213974,10
7.4377007939963145,10
12.61049258889611,10
8.40194680042687,10
15.385882186401243,10
12.125043362508247,10
15.974780576758114,10
6.064916957601799,10
9.86637259589891,10
10.088557485105078,10
8.089733481477374,10
10.993815306530317,10
13.57447841031765,10
9.585652426281037,10
10.014718042785688,10
12.22198363237996,10
10.57055753994377,10
10.320370474128948,10
7.852144860530382,10
9.812705944410617,10
10.285864275349068,10
11.332842623850983,10
11.357986838092017,10
2.986920372974601,10
9.848756758606303,10
11.084734566446956,10
11.723194534144099,10
2.2865781520912947,10
12.832258284896252,10
